ws,we
2016-01-19 22:17:24+00:00,2016-01-20 01:05:24+00:00
2016-01-21 22:38:24+00:00,2016-01-22 01:27:24+00:00
2016-01-28 22:44:24+00:00,2016-01-29 02:04:24+00:00
2016-01-31 21:37:24+00:00,2016-02-01 00:31:24+00:00
2016-02-02 03:34:24+00:00,2016-02-02 06:29:24+00:00
2016-02-03 20:52:24+00:00,2016-02-03 23:45:24+00:00
2016-02-04 21:03:24+00:00,2016-02-04 23:53:24+00:00
2016-02-07 22:34:24+00:00,2016-02-08 01:30:24+00:00
2016-02-09 23:24:24+00:00,2016-02-10 02:13:24+00:00
2016-02-11 22:18:24+00:00,2016-02-12 01:07:24+00:00
2016-02-23 02:45:24+00:00,2016-02-23 02:45:24+00:00
2016-04-04 01:48:24+00:00,2016-04-04 01:48:24+00:00
2016-05-19 20:01:24+00:00,2016-05-19 20:01:24+00:00
2016-07-25 02:49:24+00:00,2016-07-25 02:49:24+00:00
2016-09-14 20:51:24+00:00,2016-09-14 20:51:24+00:00
2016-12-22 21:12:24+00:00,2016-12-22 21:12:24+00:00
2017-04-12 23:40:23+00:00,2017-04-12 23:41:23+00:00
2017-09-06 16:33:23+00:00,2017-09-06 16:33:23+00:00
2017-12-12 19:35:23+00:00,2017-12-12 19:35:23+00:00
2018-04-04 00:20:23+00:00,2018-04-04 00:20:23+00:00
2018-08-19 17:34:23+00:00,2018-08-19 17:34:23+00:00
2018-12-18 17:58:23+00:00,2018-12-18 17:58:23+00:00
2019-04-14 20:32:23+00:00,2019-04-14 20:32:23+00:00
2019-06-16 19:46:23+00:00,2019-06-16 19:46:23+00:00
2019-08-06 18:49:23+00:00,2019-08-06 18:49:23+00:00
2019-12-03 15:25:23+00:00,2019-12-03 15:25:23+00:00
2020-03-12 00:09:23+00:00,2020-03-12 00:09:23+00:00
2020-07-23 21:23:23+00:00,2020-07-23 21:23:23+00:00
2020-10-29 20:12:23+00:00,2020-10-29 20:12:23+00:00
2021-02-04 00:42:23+00:00,2021-02-04 00:42:23+00:00
2021-05-05 18:06:23+00:00,2021-05-05 18:06:23+00:00
2021-07-22 15:51:23+00:00,2021-07-22 15:51:23+00:00
2021-11-07 22:56:23+00:00,2021-11-07 22:56:23+00:00
2022-02-15 21:20:23+00:00,2022-02-15 21:20:23+00:00
2022-04-07 19:38:23+00:00,2022-04-07 22:34:23+00:00
2022-04-11 20:14:23+00:00,2022-04-11 23:11:23+00:00
2022-04-17 22:05:23+00:00,2022-04-18 01:02:23+00:00
2022-04-19 21:02:23+00:00,2022-04-20 00:00:23+00:00
2022-04-21 19:58:23+00:00,2022-04-21 22:48:23+00:00
2022-04-24 19:12:23+00:00,2022-04-24 19:12:23+00:00
2022-06-06 08:12:23+00:00,2022-06-06 08:12:23+00:00
2022-08-21 22:35:23+00:00,2022-08-21 22:35:23+00:00
2022-10-10 19:44:23+00:00,2022-10-10 19:44:23+00:00
2022-12-13 18:23:23+00:00,2022-12-13 18:23:23+00:00
2023-02-01 00:26:23+00:00,2023-02-01 00:26:23+00:00
2023-02-02 21:22:23+00:00,2023-02-02 21:22:23+00:00
2023-03-26 19:50:23+00:00,2023-03-26 19:50:23+00:00
2023-05-24 23:52:23+00:00,2023-05-24 23:52:23+00:00
2023-07-30 20:12:23+00:00,2023-07-30 20:12:23+00:00
2023-09-26 21:55:23+00:00,2023-09-26 21:55:23+00:00
2023-11-16 20:00:23+00:00,2023-11-16 20:00:23+00:00
2024-01-07 16:31:23+00:00,2024-01-07 16:31:23+00:00
2024-02-25 16:40:23+00:00,2024-02-25 16:40:23+00:00
2024-04-12 05:26:23+00:00,2024-04-12 05:26:23+00:00
2024-05-09 22:39:23+00:00,2024-05-09 22:39:23+00:00
2024-06-12 16:09:23+00:00,2024-06-12 16:09:23+00:00
2024-08-22 23:16:23+00:00,2024-08-22 23:16:23+00:00
2024-10-03 19:21:23+00:00,2024-10-03 19:21:23+00:00
2024-11-14 13:56:23+00:00,2024-11-14 13:56:23+00:00
2025-01-07 21:40:23+00:00,2025-01-08 00:36:23+00:00
2025-01-10 00:21:23+00:00,2025-01-10 03:17:23+00:00
2025-01-21 18:20:23+00:00,2025-01-21 21:17:23+00:00
2025-01-23 16:21:23+00:00,2025-01-23 19:15:23+00:00
2025-01-24 23:17:23+00:00,2025-01-25 02:09:23+00:00
2025-01-28 22:00:23+00:00,2025-01-29 00:49:23+00:00
2025-02-04 01:38:23+00:00,2025-02-04 01:38:23+00:00
2025-03-18 08:57:23+00:00,2025-03-18 08:58:23+00:00
2025-05-16 02:13:23+00:00,2025-05-16 02:14:23+00:00
2025-06-02 21:48:23+00:00,2025-06-03 00:38:23+00:00
2025-06-04 21:31:23+00:00,2025-06-05 00:29:23+00:00
2025-06-05 23:42:23+00:00,2025-06-06 02:40:23+00:00
2025-06-10 21:23:23+00:00,2025-06-11 00:21:23+00:00
2025-06-12 21:56:23+00:00,2025-06-13 00:47:23+00:00
2025-06-17 06:17:23+00:00,2025-06-17 09:06:23+00:00
2025-06-25 17:46:23+00:00,2025-06-25 19:39:23+00:00
2025-06-29 15:09:23+00:00,2025-06-29 15:10:23+00:00
2025-08-19 23:11:23+00:00,2025-08-19 23:12:23+00:00
2025-10-12 13:23:23+00:00,2025-10-12 13:23:23+00:00
2025-11-27 02:06:23+00:00,2025-11-27 02:07:23+00:00
2026-01-13 22:09:23+00:00,2026-01-13 22:10:23+00:00
2026-03-05 07:48:23+00:00,2026-03-05 07:49:23+00:00
2026-04-17 01:07:23+00:00,2026-04-17 01:08:23+00:00
2026-06-23 22:02:23+00:00,2026-06-24 00:51:23+00:00
2026-06-25 23:26:23+00:00,2026-06-26 02:15:23+00:00
2026-07-05 08:24:23+00:00,2026-07-05 08:25:23+00:00
2026-08-06 21:40:23+00:00,2026-08-06 21:41:23+00:00
