norad_id,object_name,inc_bucket,sma_km,n_tle,n_flags_total,n_flags_in_storm_window,first_storm_flag,lag_h_vs_onset,lag_h_vs_dstmin
66544,0 STARLINK-35728,43,6861.1475918377555,43,1,1,2026-04-17 21:45:46.103040+00:00,3.7628064,-9.7371936
56406,0 STARLINK-6283,43,6861.199867134685,25,1,1,2026-04-17 21:02:10.890816+00:00,3.0363585599999996,-10.46364144
67321,0 STARLINK-36462,43,6861.136219442547,49,1,1,2026-04-17 17:02:20.152608+00:00,-0.96106872,-14.46106872
57470,0 STARLINK-30186,43,6740.894317831902,55,0,0,,,
56017,0 STARLINK-5934,43,6861.206870986216,43,1,0,,,
67623,0 STARLINK-36600,43,6861.207143475029,38,1,1,2026-04-17 20:51:15.546816+00:00,2.85431856,-10.645681439999999
58451,0 STARLINK-30944,43,6861.1484032979815,43,1,1,2026-04-17 12:20:47.618592+00:00,-5.653439280000001,-19.15343928
56398,0 STARLINK-6288,43,6861.200651660986,33,1,1,2026-04-17 21:39:23.924736+00:00,3.6566457600000004,-9.84335424
59633,0 STARLINK-31541,43,6861.194528169656,41,1,1,2026-04-17 18:54:24.604128+00:00,0.90683448,-12.59316552
63647,0 STARLINK-33729,43,6861.181841057749,38,1,1,2026-04-17 19:04:21.485568+00:00,1.07263488,-12.427365120000001
62139,0 STARLINK-32529,43,6861.1353930144005,44,1,1,2026-04-17 19:56:20.983488+00:00,1.93916208,-11.56083792
56382,0 STARLINK-6160,43,6861.214240171231,38,1,0,,,
59619,0 STARLINK-31777,43,6861.207904048343,45,1,1,2026-04-17 21:21:46.625472+00:00,3.3629515199999997,-10.13704848
63140,0 STARLINK-11607,43,6734.544851115649,42,1,1,2026-04-17 18:49:11.711712+00:00,0.8199199199999999,-12.680080080000002
59521,0 STARLINK-31404,43,6861.190863064512,43,1,1,2026-04-17 16:08:14.532288+00:00,-1.8626299199999998,-15.36262992
56885,0 STARLINK-5095,43,6861.178364613673,43,1,0,,,
57740,0 STARLINK-30331,43,6860.989951524981,37,1,1,2026-04-17 15:40:44.992128+00:00,-2.32083552,-15.820835520000001
63064,0 STARLINK-11408,43,6734.577825155131,39,1,0,,,
59938,0 STARLINK-31876,43,6861.233748694381,42,1,1,2026-04-17 17:23:03.275808+00:00,-0.61575672,-14.11575672
66614,0 STARLINK-36040,43,6861.146223434889,44,1,1,2026-04-17 22:23:51.401184+00:00,4.39761144,-9.10238856
63796,0 STARLINK-33918,43,6861.1450077427635,42,1,1,2026-04-17 14:50:18.436416+00:00,-3.16154544,-16.66154544
61857,0 STARLINK-32451,43,6861.186398470004,41,1,1,2026-04-17 18:18:49.693824+00:00,0.31380384,-13.18619616
59548,0 STARLINK-31675,43,6861.172019590576,40,1,1,2026-04-17 10:44:09.309408+00:00,-7.26408072,-20.76408072
66983,0 STARLINK-36145,43,6861.167608924834,43,1,1,2026-04-17 12:22:16.716000+00:00,-5.62869,-19.12869
64245,0 STARLINK-11704,43,6734.594576704851,35,1,1,2026-04-17 21:31:28.591680+00:00,3.5246087999999998,-9.9753912
66584,0 STARLINK-35939,43,6861.1911984334065,44,1,1,2026-04-17 11:03:44.790912+00:00,-6.93755808,-20.437558080000002
63896,0 STARLINK-34143,43,6861.1357044220795,44,1,1,2026-04-17 15:01:17.148288+00:00,-2.97856992,-16.47856992
61973,0 STARLINK-32601,43,6861.125278272679,36,1,1,2026-04-17 20:29:11.338944+00:00,2.48648304,-11.013516959999999
63785,0 STARLINK-33906,43,6568.65081430794,51,0,0,,,
57351,0 STARLINK-6331,43,6861.182353092519,38,1,0,,,
64384,0 STARLINK-34271,43,6861.140636046463,34,1,1,2026-04-17 20:25:37.588800+00:00,2.427108,-11.072892000000001
59045,0 STARLINK-31241,43,6861.207272233489,53,1,1,2026-04-17 20:14:57.601536+00:00,2.24933376,-11.25066624
58087,0 STARLINK-30557,43,6861.208338233991,41,1,1,2026-04-17 14:13:37.900992+00:00,-3.7728052799999996,-17.27280528
66319,0 STARLINK-35442,43,6861.199073625484,34,1,1,2026-04-17 22:34:32.913408+00:00,4.5758092800000005,-8.92419072
62207,0 STARLINK-32430,43,6861.181574560157,39,1,1,2026-04-17 21:12:45.814176+00:00,3.21272616,-10.28727384
63194,0 STARLINK-11636,43,6734.614057907847,36,1,1,2026-04-17 22:44:55.503168+00:00,4.74875088,-8.75124912
64082,0 STARLINK-34171,43,6861.201196637405,45,1,1,2026-04-17 21:59:24.458784+00:00,3.99012744,-9.50987256
59334,0 STARLINK-31573,43,6861.136018824098,38,1,1,2026-04-17 22:03:51.732864+00:00,4.06437024,-9.435629760000001
59582,0 STARLINK-31701,43,6861.36570660878,42,1,1,2026-04-17 19:11:07.228608+00:00,1.18534128,-12.31465872
56302,0 STARLINK-30111,43,6861.185643891367,31,1,1,2026-04-17 22:12:53.934336+00:00,4.21498176,-9.285018240000001
65736,0 STARLINK-35167,53,6840.783126801564,40,1,1,2026-04-17 11:34:16.356000+00:00,-6.42879,-19.92879
64472,0 STARLINK-34493,53,6840.797286154625,46,1,1,2026-04-17 22:24:17.186400+00:00,4.404774,-9.095226
68246,0 STARLINK-37043,53,6840.863878301223,53,0,0,,,
65096,0 STARLINK-34759,53,6840.828743720111,44,1,0,,,
53431,0 STARLINK-4548,53,6837.874214982006,38,1,1,2026-04-17 22:22:04.876896+00:00,4.36802136,-9.13197864
58156,0 STARLINK-30784,53,6840.846401606906,44,1,1,2026-04-17 13:04:58.254816+00:00,-4.91715144,-18.41715144
66385,0 STARLINK-35659,53,6840.805159428611,49,1,0,,,
52369,0 STARLINK-3841,53,6839.722519015809,49,1,1,2026-04-17 17:27:21.355200+00:00,-0.544068,-14.044068000000001
50851,0 STARLINK-3314,53,6843.385082631258,41,1,1,2026-04-17 17:28:39.801216+00:00,-0.52227744,-14.02227744
67858,0 STARLINK-36837,53,6840.791535023168,52,0,0,,,
66236,0 STARLINK-35454,53,6840.828131447341,49,1,1,2026-04-17 22:36:21.257280+00:00,4.6059048,-8.894095199999999
66631,0 STARLINK-35965,53,6840.892248444884,24,1,1,2026-04-17 21:37:54.772032+00:00,3.63188112,-9.868118879999999
68259,0 STARLINK-36323,53,6840.889858743073,58,0,0,,,
60045,0 STARLINK-11116,53,6737.875454459625,40,1,1,2026-04-17 22:06:09.854496+00:00,4.10273736,-9.39726264
46709,0 STARLINK-1810,53,6677.153722774827,48,1,0,,,
65635,0 STARLINK-35150,53,6840.781251376375,45,1,1,2026-04-17 11:05:23.447616+00:00,-6.910153439999999,-20.41015344
52998,0 STARLINK-4254,53,6840.871008705677,49,1,1,2026-04-17 19:55:03.065376+00:00,1.91751816,-11.58248184
51805,0 STARLINK-3605,53,6843.369208206835,45,1,1,2026-04-17 20:09:00.202752+00:00,2.15005632,-11.34994368
65375,0 STARLINK-34305,53,6840.819981693689,46,1,1,2026-04-17 22:04:41.128608+00:00,4.078091280000001,-9.421908720000001
53886,0 STARLINK-5028,53,6841.206497552491,43,1,1,2026-04-17 12:31:17.701824+00:00,-5.47841616,-18.97841616
67868,0 STARLINK-36762,53,6840.865019640245,48,1,0,,,
65104,0 STARLINK-34481,53,6840.820136247508,37,1,0,,,
68334,0 STARLINK-37191,53,6840.717199393228,58,0,0,,,
48485,0 STARLINK-2500,53,6848.840851470011,48,1,1,2026-04-17 17:49:18.035040+00:00,-0.1783236,-13.678323599999999
60290,0 STARLINK-32141,53,6840.862921241265,40,1,1,2026-04-17 15:13:52.605696+00:00,-2.7687206399999997,-16.26872064
58724,0 STARLINK-30893,53,6840.856828165526,45,1,1,2026-04-17 13:29:10.860000+00:00,-4.51365,-18.01365
66391,0 STARLINK-35656,53,6840.821232985434,45,1,1,2026-04-18 04:57:35.835264+00:00,10.95995424,-2.5400457600000004
61261,0 STARLINK-32447,53,6840.882826373981,48,1,1,2026-04-18 03:17:21.146784+00:00,9.289207439999998,-4.21079256
62767,0 STARLINK-33572,53,6840.757985511174,46,1,1,2026-04-18 08:27:19.942560+00:00,14.455539600000002,0.9555395999999999
51106,0 STARLINK-3176,53,6837.865218956832,43,1,1,2026-04-17 16:58:12.416160+00:00,-1.0298844,-14.5298844
63030,0 STARLINK-32779,53,6840.8687468288035,45,1,1,2026-04-17 23:10:27.419232+00:00,5.17428312,-8.32571688
60053,0 STARLINK-31793,53,6840.865129613041,38,1,1,2026-04-17 21:18:05.963328+00:00,3.30165648,-10.19834352
64606,0 STARLINK-34073,53,6840.724840614109,43,1,1,2026-04-17 20:27:30.674304+00:00,2.45852064,-11.04147936
60377,0 STARLINK-32269,53,6848.911166045268,37,1,1,2026-04-17 18:53:25.008000+00:00,0.89028,-12.60972
53592,0 STARLINK-4672,53,6837.875491648042,44,1,1,2026-04-17 21:49:04.827360+00:00,3.8180075999999996,-9.681992399999999
47641,0 STARLINK-2019,53,6551.353269845318,48,1,0,,,
66936,0 STARLINK-36160,53,6840.785965205048,43,1,1,2026-04-18 04:50:30.092352+00:00,10.84169232,-2.65830768
52850,0 STARLINK-4187,53,6848.843268987981,40,1,1,2026-04-17 15:13:00.110784+00:00,-2.78330256,-16.28330256
68243,0 STARLINK-36345,53,6840.794284270548,33,1,1,2026-04-17 12:13:13.830240+00:00,-5.7794916,-19.2794916
56490,0 STARLINK-5873,70,6950.190243836288,49,1,1,2026-04-17 21:50:49.997760+00:00,3.8472216,-9.6527784
56806,0 STARLINK-6072,70,6950.195606088316,32,1,0,,,
66835,0 STARLINK-35890,70,6950.167796089588,52,1,1,2026-04-17 17:33:17.334432+00:00,-0.44518487999999995,-13.94518488
63933,0 STARLINK-33877,70,6855.209603741948,44,1,0,,,
64811,0 STARLINK-34669,70,6950.238659100294,51,1,1,2026-04-17 21:36:17.228160+00:00,3.6047856,-9.8952144
63928,0 STARLINK-33997,70,6852.690957277998,50,1,0,,,
55395,0 STARLINK-5274,70,6950.1854691522985,54,1,1,2026-04-17 21:44:07.624320+00:00,3.7354512000000004,-9.7645488
63935,0 STARLINK-34005,70,6855.183346700272,50,1,0,,,
56804,0 STARLINK-6069,70,6948.352237974669,49,1,1,2026-04-17 17:36:06.795072+00:00,-0.39811248000000005,-13.89811248
55647,0 STARLINK-5510,70,6950.178786463934,57,1,1,2026-04-17 22:28:12.525312+00:00,4.47014592,-9.02985408
55641,0 STARLINK-5065,70,6950.177725770312,53,1,1,2026-04-17 04:20:42.275904+00:00,-13.65492336,-27.15492336
56472,0 STARLINK-5038,70,6932.727789852821,47,1,1,2026-04-17 21:57:10.007424+00:00,3.95277984,-9.547220159999998
64703,0 STARLINK-34470,70,6855.095978413438,51,1,0,,,
56449,0 STARLINK-5993,70,6950.181949992797,53,1,1,2026-04-17 21:27:28.333152+00:00,3.4578703199999996,-10.04212968
63087,0 STARLINK-32918,70,6855.202423963769,47,1,1,2026-04-17 20:09:50.747616+00:00,2.16409656,-11.33590344
66823,0 STARLINK-35957,70,6950.2209547749635,54,1,1,2026-04-17 18:39:22.279680+00:00,0.6561888,-12.8438112
55631,0 STARLINK-5558,70,6940.970843776125,54,1,1,2026-04-17 23:10:35.170176+00:00,5.17643616,-8.32356384
64035,0 STARLINK-34046,70,6855.167526266844,53,1,1,2026-04-17 22:00:16.330752+00:00,4.00453632,-9.49546368
67076,0 STARLINK-36240,70,6950.111985202385,49,1,1,2026-04-17 20:34:27.148224+00:00,2.57420784,-10.92579216
56816,0 STARLINK-6067,70,6932.8832156123635,46,1,1,2026-04-17 17:06:03.861216+00:00,-0.89892744,-14.398927440000001
56776,0 STARLINK-6274,70,6932.773157318739,53,1,1,2026-04-17 17:00:05.973408+00:00,-0.9983407200000001,-14.49834072
49156,0 STARLINK-3085,70,6950.188929560408,55,1,1,2026-04-17 20:44:15.628992+00:00,2.73767472,-10.76232528
55638,0 STARLINK-5507,70,6939.236820534426,48,1,1,2026-04-17 16:58:04.349856+00:00,-1.0321250400000002,-14.53212504
56791,0 STARLINK-5977,70,6950.19589677586,47,1,1,2026-04-17 18:00:28.948320+00:00,0.0080412,-13.491958799999999
67195,0 STARLINK-36291,70,6950.169088708738,55,1,1,2026-04-17 08:54:09.291168+00:00,-9.09741912,-22.59741912
55788,0 STARLINK-5804,70,6945.0173906427,56,1,1,2026-04-17 22:40:33.820896+00:00,4.67606136,-8.82393864
64419,0 STARLINK-34512,70,6855.281910504429,54,1,0,,,
56460,0 STARLINK-6047,70,6950.196045212065,48,1,1,2026-04-17 22:03:30.306528+00:00,4.058418479999999,-9.44158152
66837,0 STARLINK-35729,70,6950.181962362418,52,1,0,,,
63934,0 STARLINK-33895,70,6855.190723624795,51,1,0,,,
63096,0 STARLINK-32911,70,6855.221462517859,53,1,0,,,
64437,0 STARLINK-34507,70,6855.1868484213865,52,1,0,,,
55410,0 STARLINK-5633,70,6950.222841169326,53,1,1,2026-04-17 22:14:30.341184+00:00,4.24176144,-9.25823856
64805,0 STARLINK-34624,70,6950.155151337287,52,1,1,2026-04-17 12:59:35.534400+00:00,-5.006796,-18.506795999999998
55309,0 STARLINK-5315,70,6943.920792019664,46,1,1,2026-04-17 20:43:02.524224+00:00,2.71736784,-10.78263216
65662,0 STARLINK-35176,97,6843.750993400037,49,1,1,2026-04-17 17:00:05.213952+00:00,-0.9985516799999999,-14.49855168
68022,0 STARLINK-36916,97,6843.596209925005,41,0,0,,,
68729,0 STARLINK-37264,97,6843.6873151989,11,1,0,,,
68108,0 STARLINK-37017,97,6843.630990294529,37,0,0,,,
64857,0 STARLINK-34683,97,6843.763293621357,47,1,1,2026-04-17 20:48:31.320288+00:00,2.8087000800000004,-10.691299919999999
67797,0 STARLINK-36800,97,6843.69442916049,51,1,0,,,
65673,0 STARLINK-35177,97,6843.653364213197,49,1,1,2026-04-17 20:59:20.608512+00:00,2.98905792,-10.51094208
65063,0 STARLINK-34798,97,6843.729356570093,55,1,1,2026-04-17 19:57:00.318816+00:00,1.95008856,-11.54991144
56336,0 STARLINK-5562,97,6903.319396605655,58,1,1,2026-04-17 23:00:42.970752+00:00,5.01193632,-8.48806368
56351,0 STARLINK-5891,97,6843.704795166892,59,1,1,2026-04-17 18:07:35.233824+00:00,0.12645384,-13.37354616
65667,0 STARLINK-35361,97,6843.657238013963,51,1,1,2026-04-17 16:40:09.177024+00:00,-1.33078416,-14.83078416
67802,0 STARLINK-36739,97,6843.70918377213,58,0,0,,,
56319,0 STARLINK-6039,97,6902.4297954663025,51,1,1,2026-04-17 22:24:50.396832+00:00,4.41399912,-9.08600088
53676,0 STARLINK-4621,97,6927.383118740813,44,1,1,2026-04-17 21:40:58.332288+00:00,3.68287008,-9.817129920000001
67896,0 STARLINK-36877,97,6843.64031472192,55,1,0,,,
53212,0 STARLINK-4416,97,6843.699008169385,51,1,1,2026-04-17 22:04:50.577312+00:00,4.08071592,-9.419284079999999
53081,0 STARLINK-4326,97,6843.733650003358,53,1,1,2026-04-17 22:10:52.755744+00:00,4.18132104,-9.31867896
65070,0 STARLINK-34794,97,6843.6735455256885,51,1,1,2026-04-17 21:04:46.949952+00:00,3.0797083200000004,-10.42029168
65174,0 STARLINK-34956,97,6843.658597713381,51,1,1,2026-04-17 21:18:08.034336+00:00,3.30223176,-10.19776824
65187,0 STARLINK-34915,97,6843.727666571872,47,1,1,2026-04-17 15:43:11.392608+00:00,-2.28016872,-15.780168719999999
64936,0 STARLINK-34529,97,6843.666021029554,56,1,1,2026-04-17 21:37:13.053792+00:00,3.62029272,-9.87970728
67575,0 STARLINK-36400,97,6843.651391611686,45,1,1,2026-04-17 21:22:57.462240+00:00,3.3826284,-10.1173716
68114,0 STARLINK-36229,97,6843.720510869145,37,0,0,,,
67541,0 STARLINK-36579,97,6843.692754060384,55,1,0,,,
67730,0 STARLINK-36747,97,6843.658017535209,48,1,1,2026-04-17 21:29:52.855296+00:00,3.49801536,-10.00198464
64848,0 STARLINK-34748,97,6843.696038804718,56,1,1,2026-04-17 20:32:35.213568+00:00,2.5431148799999996,-10.95688512
