norad_id,mission_batch,launch_date,sat_count
55501,G2-8,2023-04-27,46
56472,G5-6,2023-05-10,56
56475,G5-6,2023-05-10,56
56490,G5-6,2023-05-10,56
56492,G5-6,2023-05-10,56
56493,G5-6,2023-05-10,56
56495,G5-6,2023-05-10,56
56496,G5-6,2023-05-10,56
56498,G5-6,2023-05-10,56
57294,G6-5,2023-07-10,51
57300,G6-5,2023-07-10,51
57301,G6-5,2023-07-10,51
57302,G6-5,2023-07-10,51
57676,G7-1,2023-08-22,21
57677,G7-1,2023-08-22,21
57678,G7-1,2023-08-22,21
57679,G7-1,2023-08-22,21
57680,G7-1,2023-08-22,21
57681,G7-1,2023-08-22,21
57682,G7-1,2023-08-22,21
57683,G7-1,2023-08-22,21
58388,G6-23,2023-10-18,22
58395,G6-23,2023-10-18,22
58402,G6-23,2023-10-18,22
58403,G6-23,2023-10-18,22
58405,G6-23,2023-10-18,22
58243,G6-27,2023-11-08,23
58251,G6-27,2023-11-08,23
58379,G6-28,2023-11-20,22
58381,G6-28,2023-11-20,22
58383,G6-28,2023-11-20,22
58385,G6-28,2023-11-20,22
58387,G6-28,2023-11-20,22
58389,G6-28,2023-11-20,22
58391,G6-28,2023-11-20,22
58393,G6-28,2023-11-20,22
58406,G6-28,2023-11-20,22
58408,G6-28,2023-11-20,22
56100,G6-30,2023-12-03,23
56101,G6-30,2023-12-03,23
56102,G6-30,2023-12-03,23
56103,G6-30,2023-12-03,23
56104,G6-30,2023-12-03,23
56105,G6-30,2023-12-03,23
56107,G6-30,2023-12-03,23
56108,G6-30,2023-12-03,23
56109,G6-30,2023-12-03,23
58733,G7-9,2024-01-07,23
58735,G7-9,2024-01-07,23
58737,G7-9,2024-01-07,23
58739,G7-9,2024-01-07,23
58741,G7-9,2024-01-07,23
58743,G7-9,2024-01-07,23
58745,G7-9,2024-01-07,23
58210,G7-12,2024-02-10,22
58211,G7-12,2024-02-10,22
58212,G7-12,2024-02-10,22
58213,G7-12,2024-02-10,22
58214,G7-12,2024-02-10,22
58215,G7-12,2024-02-10,22
58217,G7-12,2024-02-10,22
58218,G7-12,2024-02-10,22
58219,G7-12,2024-02-10,22
59550,G6-36,2024-03-04,23
59551,G6-36,2024-03-04,23
59552,G6-36,2024-03-04,23
59553,G6-36,2024-03-04,23
59554,G6-36,2024-03-04,23
59555,G6-36,2024-03-04,23
59556,G6-36,2024-03-04,23
59429,G8-1,2024-04-07,21
59430,G8-1,2024-04-07,21
59431,G8-1,2024-04-07,21
59432,G8-1,2024-04-07,21
59433,G8-1,2024-04-07,21
59434,G8-1,2024-04-07,21
59435,G8-1,2024-04-07,21
59436,G8-1,2024-04-07,21
59437,G8-1,2024-04-07,21
59841,G6-56,2024-05-23,23
59842,G6-56,2024-05-23,23
59843,G6-56,2024-05-23,23
59844,G6-56,2024-05-23,23
59845,G6-56,2024-05-23,23
59846,G6-56,2024-05-23,23
59847,G6-56,2024-05-23,23
59848,G6-56,2024-05-23,23
59849,G6-56,2024-05-23,23
60102,G10-1,2024-06-23,22
60103,G10-1,2024-06-23,22
60104,G10-1,2024-06-23,22
60105,G10-1,2024-06-23,22
60106,G10-1,2024-06-23,22
60107,G10-1,2024-06-23,22
60108,G10-1,2024-06-23,22
60109,G10-1,2024-06-23,22
60110,G10-1,2024-06-23,22
60111,G10-1,2024-06-23,22
60312,G10-4,2024-07-28,23
60313,G10-4,2024-07-28,23
60314,G10-4,2024-07-28,23
60315,G10-4,2024-07-28,23
60316,G10-4,2024-07-28,23
60317,G10-4,2024-07-28,23
60318,G10-4,2024-07-28,23
60319,G10-4,2024-07-28,23
60320,G10-4,2024-07-28,23
60930,G8-10,2024-08-31,42
60931,G8-10,2024-08-31,42
60932,G8-10,2024-08-31,42
60933,G8-10,2024-08-31,42
60934,G8-10,2024-08-31,42
60935,G8-10,2024-08-31,42
60936,G8-10,2024-08-31,42
60937,G8-10,2024-08-31,42
60938,G8-10,2024-08-31,42
59350,G9-5,2024-09-13,20
59351,G9-5,2024-09-13,20
59352,G9-5,2024-09-13,20
59353,G9-5,2024-09-13,20
59354,G9-5,2024-09-13,20
59355,G9-5,2024-09-13,20
59356,G9-5,2024-09-13,20
59357,G9-5,2024-09-13,20
59358,G9-5,2024-09-13,20
59359,G9-5,2024-09-13,20
59456,G8-19,2024-10-18,20
59457,G8-19,2024-10-18,20
59458,G8-19,2024-10-18,20
59459,G8-19,2024-10-18,20
62200,G12-6,2024-12-31,21
62201,G12-6,2024-12-31,21
62202,G12-6,2024-12-31,21
62203,G12-6,2024-12-31,21
62204,G12-6,2024-12-31,21
62205,G12-6,2024-12-31,21
62206,G12-6,2024-12-31,21
62207,G12-6,2024-12-31,21
62208,G12-6,2024-12-31,21
62209,G12-6,2024-12-31,21
62409,G6-71,2025-01-06,24
62600,G12-11,2025-01-08,21
62601,G12-11,2025-01-08,21
62602,G12-11,2025-01-08,21
62603,G12-11,2025-01-08,21
62604,G12-11,2025-01-08,21
62605,G12-11,2025-01-08,21
62606,G12-11,2025-01-08,21
62607,G12-11,2025-01-08,21
62806,G12-12,2025-01-10,21
62807,G12-12,2025-01-10,21
62808,G12-12,2025-01-10,21
62809,G12-12,2025-01-10,21
64025,G10-22,2025-05-16,28
64030,G10-22,2025-05-16,28
64031,G10-22,2025-05-16,28
64032,G10-22,2025-05-16,28
64033,G10-22,2025-05-16,28
64034,G10-22,2025-05-16,28
64035,G10-22,2025-05-16,28
64036,G10-22,2025-05-16,28
64037,G10-22,2025-05-16,28
64038,G10-22,2025-05-16,28
64472,G10-25,2025-06-23,27
64473,G10-25,2025-06-23,27
64474,G10-25,2025-06-23,27
64475,G10-25,2025-06-23,27
64476,G10-25,2025-06-23,27
64477,G10-25,2025-06-23,27
64478,G10-25,2025-06-23,27
64479,G10-25,2025-06-23,27
64480,G10-25,2025-06-23,27
64481,G10-25,2025-06-23,27
64704,G10-26,2025-06-28,22
64706,G10-26,2025-06-28,22
64710,G10-26,2025-06-28,22
64712,G10-26,2025-06-28,22
64714,G10-26,2025-06-28,22
64716,G10-26,2025-06-28,22
64718,G10-26,2025-06-28,22
64720,G10-26,2025-06-28,22
64724,G10-26,2025-06-28,22
65355,G10-27,2025-08-28,28
65356,G10-27,2025-08-28,28
65357,G10-27,2025-08-28,28
65358,G10-27,2025-08-28,28
65359,G10-27,2025-08-28,28
65360,G10-27,2025-08-28,28
65361,G10-27,2025-08-28,28
65362,G10-27,2025-08-28,28
65363,G10-27,2025-08-28,28
65364,G10-27,2025-08-28,28
65400,G17-9,2025-09-06,21
65401,G17-9,2025-09-06,21
65402,G17-9,2025-09-06,21
65404,G17-9,2025-09-06,21
65405,G17-9,2025-09-06,21
65406,G17-9,2025-09-06,21
65407,G17-9,2025-09-06,21
65408,G17-9,2025-09-06,21
65409,G17-9,2025-09-06,21
65840,G17-12,2025-09-19,20
65842,G17-12,2025-09-19,20
65843,G17-12,2025-09-19,20
65844,G17-12,2025-09-19,20
65845,G17-12,2025-09-19,20
65846,G17-12,2025-09-19,20
65847,G17-12,2025-09-19,20
65848,G17-12,2025-09-19,20
65849,G17-12,2025-09-19,20
66005,G11-20,2025-09-27,28
66006,G11-20,2025-09-27,28
66007,G11-20,2025-09-27,28
66008,G11-20,2025-09-27,28
66009,G11-20,2025-09-27,28
65875,G17-13,2025-10-03,20
65876,G17-13,2025-10-03,20
65877,G17-13,2025-10-03,20
65878,G17-13,2025-10-03,20
65879,G17-13,2025-10-03,20
65880,G17-13,2025-10-03,20
65881,G17-13,2025-10-03,20
65882,G17-13,2025-10-03,20
65883,G17-13,2025-10-03,20
65884,G17-13,2025-10-03,20
66070,G10-28,2025-10-19,28
66071,G10-28,2025-10-19,28
66072,G10-28,2025-10-19,28
66073,G10-28,2025-10-19,28
66074,G10-28,2025-10-19,28
66075,G10-28,2025-10-19,28
66076,G10-28,2025-10-19,28
66077,G10-28,2025-10-19,28
66078,G10-28,2025-10-19,28
66079,G10-28,2025-10-19,28
67800,G12-13,2025-12-02,24
67801,G12-13,2025-12-02,24
67802,G12-13,2025-12-02,24
67803,G12-13,2025-12-02,24
67804,G12-13,2025-12-02,24
67805,G12-13,2025-12-02,24
67806,G12-13,2025-12-02,24
67807,G12-13,2025-12-02,24
67808,G12-13,2025-12-02,24
67809,G12-13,2025-12-02,24
68686,G12-14,2025-12-17,21
68802,G6-88,2026-01-04,29
68803,G6-88,2026-01-04,29
68804,G6-88,2026-01-04,29
68805,G6-88,2026-01-04,29
68806,G6-88,2026-01-04,29
68807,G6-88,2026-01-04,29
68808,G6-88,2026-01-04,29
68809,G6-88,2026-01-04,29
67711,G6-89,2026-02-07,23
67712,G6-89,2026-02-07,23
67713,G6-89,2026-02-07,23
67714,G6-89,2026-02-07,23
67715,G6-89,2026-02-07,23
67716,G6-89,2026-02-07,23
67717,G6-89,2026-02-07,23
68075,G3-8,2026-03-04,23
68076,G3-8,2026-03-04,23
68077,G3-8,2026-03-04,23
68078,G3-8,2026-03-04,23
68079,G3-8,2026-03-04,23
68080,G3-8,2026-03-04,23
68081,G3-8,2026-03-04,23
68082,G3-8,2026-03-04,23
68083,G3-8,2026-03-04,23
68084,G3-8,2026-03-04,23
68262,G6-90,2026-03-19,24
68263,G6-90,2026-03-19,24
68264,G6-90,2026-03-19,24
68265,G6-90,2026-03-19,24
68266,G6-90,2026-03-19,24
68267,G6-90,2026-03-19,24
68268,G6-90,2026-03-19,24
68269,G6-90,2026-03-19,24
68270,G6-90,2026-03-19,24
68271,G6-90,2026-03-19,24
68802,G6-91,2026-04-23,24
68803,G6-91,2026-04-23,24
68804,G6-91,2026-04-23,24
68805,G6-91,2026-04-23,24
68806,G6-91,2026-04-23,24
68807,G6-91,2026-04-23,24
68808,G6-91,2026-04-23,24
68809,G6-91,2026-04-23,24
68810,G6-91,2026-04-23,24
68811,G6-91,2026-04-23,24
