t,d,lonP,lonS
2024-03-01 00:00:00+00:00,168.99559918212253,173.28696793697554,173.05890281116854
2024-03-01 06:00:00+00:00,240.7195669615796,173.38828581837174,173.06192803680563
2024-03-01 12:00:00+00:00,232.2987797770466,173.3325060746281,173.01815509806966
2024-03-01 18:00:00+00:00,161.1214657599757,173.22900154721845,173.01110315529138
2024-03-02 00:00:00+00:00,172.0982049523429,173.2792848674389,173.04701507893844
2024-03-02 06:00:00+00:00,243.33220404261274,173.3803233348521,173.05037520188262
2024-03-02 12:00:00+00:00,233.71936557060053,173.32420594690666,173.00794643423922
2024-03-02 18:00:00+00:00,162.73218729963696,173.22164277181867,173.00149891494902
2024-03-03 00:00:00+00:00,175.02886134114263,173.27292673566728,173.03668257573622
2024-03-03 06:00:00+00:00,246.1526360981072,173.37431112555396,173.04049446885313
2024-03-03 12:00:00+00:00,235.272788611446,173.31727716932198,172.99892797319177
2024-03-03 18:00:00+00:00,164.405493449752,173.21565904032803,172.99318774234837
2024-03-04 00:00:00+00:00,177.98910845813668,173.26826374697657,173.02800744511376
2024-03-04 06:00:00+00:00,248.85497870574264,173.3687717995499,173.03124409339864
2024-03-04 12:00:00+00:00,236.84442183993505,173.3112372290683,172.99077364967997
2024-03-04 18:00:00+00:00,166.27622437219932,173.21087655760368,172.9858057212042
2024-03-05 00:00:00+00:00,181.12487619413253,173.2647304592424,173.02022215167977
2024-03-05 06:00:00+00:00,251.55492719359623,173.36460994917718,173.02337784812033
2024-03-05 12:00:00+00:00,238.30304035831068,173.3059262216566,172.98350354032664
2024-03-05 18:00:00+00:00,167.81959652327254,173.20640658915158,172.97918371508467
2024-03-06 00:00:00+00:00,183.99717897751458,173.26189968855613,173.0134988291942
2024-03-06 06:00:00+00:00,254.29347120811843,173.36103581595523,173.01605004685018
2024-03-06 12:00:00+00:00,239.8326328631722,173.30077065205398,172.97629107257706
2024-03-06 18:00:00+00:00,169.78809141008796,173.20251184444822,172.9725609875831
2024-03-07 00:00:00+00:00,187.27413552127902,173.25962879393302,173.00678118891574
2024-03-07 06:00:00+00:00,257.0787820900064,173.35774329548912,173.00894033873078
2024-03-07 12:00:00+00:00,241.40588676917247,173.29558543216945,172.96898897853407
2024-03-07 18:00:00+00:00,171.5218994618414,173.19813575627416,172.96577869812097
2024-03-08 00:00:00+00:00,190.2928868514112,173.25702059660557,173.00007857989226
2024-03-08 06:00:00+00:00,259.75610428451307,173.35434944568772,173.00187870624933
2024-03-08 12:00:00+00:00,242.86992102924137,173.29010585045023,172.9615421140221
2024-03-08 18:00:00+00:00,173.24459311154695,173.1935780777489,172.95883082668172
2024-03-09 00:00:00+00:00,193.3223051088823,173.2542860311209,172.9932350603844
2024-03-09 06:00:00+00:00,262.55160882033726,173.3506108778259,172.99431275176636
2024-03-09 12:00:00+00:00,244.47143612313562,173.28426191057986,172.95354214055828
2024-03-09 18:00:00+00:00,175.10261318904568,173.18861402192192,172.95129503287586
2024-03-10 00:00:00+00:00,196.60188516305928,173.2515226365088,172.98601450099738
2024-03-10 06:00:00+00:00,265.3664086859622,173.34661111769498,172.9864599241539
2024-03-10 12:00:00+00:00,246.10029162858987,173.2782777208986,172.94536253401242
2024-03-10 18:00:00+00:00,177.0436196951634,173.1838226858477,172.94381926733524
2024-03-11 00:00:00+00:00,199.52125934373225,173.24867722905935,172.97921036336106
2024-03-11 06:00:00+00:00,267.9814107967794,173.34264388499383,172.97891340293938
2024-03-11 12:00:00+00:00,247.55303597941403,173.27250574675725,172.9376339232307
2024-03-11 18:00:00+00:00,178.95559214268593,173.1794137915864,172.9367681909107
2024-03-12 00:00:00+00:00,202.78814388593398,173.24646752640683,172.97256101316975
2024-03-12 06:00:00+00:00,270.6504328254328,173.339020074789,172.97163817579138
2024-03-12 12:00:00+00:00,249.06470309288648,173.26724824673897,172.93033897293253
2024-03-12 18:00:00+00:00,180.75858605133703,173.17582392025594,172.93068616388598
2024-03-13 00:00:00+00:00,205.93734949287156,173.24556553834987,172.9673802326904
2024-03-13 06:00:00+00:00,273.4772866880228,173.33668427526555,172.96543873771463
2024-03-13 12:00:00+00:00,250.77721484884063,173.26380253878733,172.924579742142
2024-03-13 18:00:00+00:00,182.82492070752895,173.17395304649608,172.92596574215304
2024-03-14 00:00:00+00:00,209.1323109506371,173.2458287495441,172.96329953412612
2024-03-14 06:00:00+00:00,276.2227895652144,173.33637019293195,172.96136994885296
2024-03-14 12:00:00+00:00,252.34254099000864,173.26192967024167,172.92059379914866
2024-03-14 18:00:00+00:00,184.766068897962,173.1735484336574,172.9228830513839
2024-03-15 00:00:00+00:00,212.2434667566,173.24786948493409,172.96110977712812
2024-03-15 06:00:00+00:00,278.8106194744446,173.33718814597847,172.95865061716404
2024-03-15 12:00:00+00:00,253.82043571019477,173.2615356264364,172.91820422772673
2024-03-15 18:00:00+00:00,186.81808736367233,173.17512316202442,172.92163276265796
2024-03-16 00:00:00+00:00,215.52806383355477,173.25152280102725,172.96029540087102
2024-03-16 06:00:00+00:00,281.4933333716858,173.34010521530894,172.95789863401603
2024-03-16 12:00:00+00:00,255.30645880612917,173.26312079753802,172.91778307799882
2024-03-16 18:00:00+00:00,188.94338302443927,173.17796288135912,172.9215464536881
2024-03-17 00:00:00+00:00,218.87221726446933,173.2563418044955,172.96056545292345
2024-03-17 06:00:00+00:00,284.2085877775405,173.34395628977086,172.95803858893294
2024-03-17 12:00:00+00:00,256.8409890977921,173.26588849346228,172.9184780534431
2024-03-17 18:00:00+00:00,190.95610643530145,173.1819377314007,172.92275241721438
2024-03-18 00:00:00+00:00,222.10973653879094,173.26182799063702,172.96164802529267
2024-03-18 06:00:00+00:00,286.97624185067207,173.3486923116692,172.9589930692091
2024-03-18 12:00:00+00:00,258.43373502252985,173.26955749617116,172.9199936237137
2024-03-18 18:00:00+00:00,192.89188969196135,173.18659292302647,172.924745598266
2024-03-19 00:00:00+00:00,225.26283067173475,173.26766986704047,172.9632013619012
2024-03-19 06:00:00+00:00,289.7352875205969,173.35398483673868,172.96051667508118
2024-03-19 12:00:00+00:00,260.0568367158131,173.27404960777778,172.9222892098261
2024-03-19 18:00:00+00:00,195.22279660426616,173.19199078775728,172.92694637967406
2024-03-20 00:00:00+00:00,228.76916432636514,173.2741716399342,172.96493098821134
2024-03-20 06:00:00+00:00,292.50357386188114,173.35935446677865,172.96210464819467
2024-03-20 12:00:00+00:00,261.6132041444766,173.27868180275914,172.92481823477948
2024-03-20 18:00:00+00:00,197.15158901601305,173.19722701794842,172.929535341095
2024-03-21 00:00:00+00:00,231.86220658187895,173.27990099353576,172.9664536514593
2024-03-21 06:00:00+00:00,295.2388904036372,173.364748318463,172.9637634544763
2024-03-21 12:00:00+00:00,263.2367646667894,173.283565029672,172.92750325508018
2024-03-21 18:00:00+00:00,199.38793574250963,173.20266457122364,172.93190749794633
2024-03-22 00:00:00+00:00,235.3239865642135,173.28610788956667,172.9679498671528
2024-03-22 06:00:00+00:00,297.8429219467609,173.36999132900803,172.96545078876358
2024-03-22 12:00:00+00:00,264.7449627769642,173.28842852304172,172.93032480477825
2024-03-22 18:00:00+00:00,201.56240744721484,173.20792817089,172.93419313186632
2024-03-23 00:00:00+00:00,238.63535879282634,173.29195024089904,172.96928493649477
2024-03-23 06:00:00+00:00,300.6286756426963,173.37556237439367,172.96722393547066
2024-03-23 12:00:00+00:00,266.3076452899128,173.29370630365997,172.93348609087968
2024-03-23 18:00:00+00:00,203.67351414766978,173.2136321526973,172.93700691645017
2024-03-24 00:00:00+00:00,241.93789560688538,173.29781946825386,172.97065933292845
2024-03-24 06:00:00+00:00,303.1255810842174,173.38090044907233,172.96915801661657
2024-03-24 12:00:00+00:00,267.9982991664748,173.29882854057473,172.9363161925379
2024-03-24 18:00:00+00:00,205.8849231896048,173.219599360943,172.93994958257122
2024-03-25 00:00:00+00:00,245.3167894655895,173.3041552549788,172.97239381502823
2024-03-25 06:00:00+00:00,306.023845965381,173.38705930302615,172.97135812477086
2024-03-25 12:00:00+00:00,269.60838849871806,173.30495399078245,172.94025921788693
2024-03-25 18:00:00+00:00,208.22853051011177,173.22613101226113,172.94327799091212
2024-03-26 00:00:00+00:00,248.63270564321817,173.3117077183901,172.9754305698085
2024-03-26 06:00:00+00:00,308.60427465355144,173.39357576564913,172.9743518755925
2024-03-26 12:00:00+00:00,271.19292799926063,173.31155730124897,172.94471176648517
2024-03-26 18:00:00+00:00,210.57762611092446,173.23360286895183,172.94754147851842
2024-03-27 00:00:00+00:00,252.0457204972398,173.31959586356345,172.97866861337968
2024-03-27 06:00:00+00:00,311.3374430538013,173.4011612557249,172.97821102107554
2024-03-27 12:00:00+00:00,272.86788091632627,173.3192295611152,172.9501102275134
2024-03-27 18:00:00+00:00,212.8891517306069,173.24208830364563,172.95287042740472
2024-03-28 00:00:00+00:00,255.3773645526416,173.32860827687927,172.98314214527056
2024-03-28 06:00:00+00:00,314.1088112864409,173.41008743875386,172.98336019544405
2024-03-28 12:00:00+00:00,274.6048572141811,173.32828495007504,172.9568035793883
2024-03-28 18:00:00+00:00,215.31173502867418,173.25210960369566,172.95958663795903
2024-03-29 00:00:00+00:00,258.81144885632153,173.33937850619247,172.98922984250873
2024-03-29 06:00:00+00:00,316.6713488899354,173.42020283711554,172.98998394499404
2024-03-29 12:00:00+00:00,276.13429899037345,173.3384695841071,172.96491163832536
2024-03-29 18:00:00+00:00,217.69575147257862,173.263572880776,172.96779702666385
2024-03-30 00:00:00+00:00,262.2076454252064,173.3516065155004,172.99682875835788
2024-03-30 06:00:00+00:00,319.5806998375509,173.43225554760704,172.99807364028447
2024-03-30 12:00:00+00:00,277.7995221646228,173.3502129588851,172.97438968969288
2024-03-30 18:00:00+00:00,220.07206531609998,173.27643129498165,172.9774156836395
2024-03-31 00:00:00+00:00,265.6328798690265,173.36525560745883,173.00581292237666
2024-03-31 06:00:00+00:00,321.9428586549754,173.44515139036923,173.00775575925627
2024-03-31 12:00:00+00:00,277.28791209927175,173.35996699990028,172.98491976600047
2024-03-31 18:00:00+00:00,219.3457114633771,173.2863467268577,172.9883119034102
2024-04-01 00:00:00+00:00,266.2071917329657,173.37639157563024,173.01616561269157
2024-04-01 06:00:00+00:00,321.0896830860259,173.45442127734657,173.0181769743653
2024-04-01 12:00:00+00:00,270.1421888380352,173.36113580421124,172.9963661661721
2024-04-01 18:00:00+00:00,203.40771592708575,173.27634840266853,173.00003566277104
2024-04-02 00:00:00+00:00,249.04602250039923,173.36428379255767,173.02749959400063
2024-04-02 06:00:00+00:00,303.48184649639364,173.44129819041314,173.02897459975543
2024-04-02 12:00:00+00:00,251.2708309780022,173.347075454052,173.00811039777324
2024-04-02 18:00:00+00:00,185.12565236150573,173.26375940846788,173.01228101950232
2024-04-03 00:00:00+00:00,232.00029791884546,173.35276050801883,173.03929053593185
2024-04-03 06:00:00+00:00,285.48850709433964,173.42836169404438,173.0404867306694
2024-04-03 12:00:00+00:00,232.54100209842417,173.33296819114935,173.01964238762758
2024-04-03 18:00:00+00:00,167.19546191076162,173.25154823383264,173.02442446477016
2024-04-04 00:00:00+00:00,215.20745974048145,173.34172943267941,173.05124916045907
2024-04-04 06:00:00+00:00,267.79974095862093,173.41533293826387,173.05149522870613
2024-04-04 12:00:00+00:00,213.70578305091158,173.31850029473503,173.0309928209707
2024-04-04 18:00:00+00:00,149.00374868497244,173.23880150777524,173.03638891107045
2024-04-05 00:00:00+00:00,198.31005100075186,173.33025512415657,173.0629365833089
2024-04-05 06:00:00+00:00,249.84870033337742,173.40194591479167,173.0625019653619
2024-04-05 12:00:00+00:00,194.9364155868065,173.3036520526199,173.04192167050564
2024-04-05 18:00:00+00:00,130.95073912036622,173.22572066675048,173.04783114971178
2024-04-06 00:00:00+00:00,181.34267718549728,173.31861350884503,173.07458664115148
2024-04-06 06:00:00+00:00,231.9269522537218,173.38829585464862,173.07320644701355
2024-04-06 12:00:00+00:00,176.28293715878024,173.28863959750822,173.05258026823594
2024-04-06 18:00:00+00:00,112.9015705879652,173.212594916562,173.05922426576137
2024-04-07 00:00:00+00:00,164.6033833334589,173.30713162884433,173.08612554282035
2024-04-07 06:00:00+00:00,213.95293531732952,173.37428694925893,173.08362407609457
2024-04-07 12:00:00+00:00,157.62556665144984,173.27370633160263,173.0634012349774
2024-04-07 18:00:00+00:00,94.97293059752454,173.19998852142163,173.0709732808116
2024-04-08 00:00:00+00:00,147.9173313173991,173.29592168498948,173.09792394646672
2024-04-08 06:00:00+00:00,196.074223021828,173.36137663384682,173.095013806621
2024-04-08 12:00:00+00:00,139.14618272029946,173.2595169649395,173.0748350745772
2024-04-08 18:00:00+00:00,77.0899784986924,173.18795516347387,173.0832333204146
2024-04-09 00:00:00+00:00,151.30082647580363,173.2857960372811,173.08396358753714
2024-04-09 06:00:00+00:00,200.99620703804476,173.34900327010592,173.07595799092303
2024-04-09 12:00:00+00:00,142.3814538109194,173.24654484933728,173.05694777281536
2024-04-09 18:00:00+00:00,89.86251184063148,173.17738145420697,173.05537777035192
2024-04-10 00:00:00+00:00,156.53096806478044,173.27667176460272,173.067574307683
2024-04-10 06:00:00+00:00,205.45944453678678,173.33814760172208,173.05904588506678
2024-04-10 12:00:00+00:00,146.00015722201132,173.23501826067672,173.04039363233244
2024-04-10 18:00:00+00:00,94.39918344304036,173.1683779704427,173.04021933605196
2024-04-11 00:00:00+00:00,161.62029890341088,173.26930057737087,173.05314999913298
2024-04-11 06:00:00+00:00,209.67261293535375,173.3293077073016,173.04448786438593
2024-04-11 12:00:00+00:00,149.65956294313517,173.2255024220807,173.02579781051048
2024-04-11 18:00:00+00:00,99.00423366573563,173.16095521731802,173.02655019063081
2024-04-12 00:00:00+00:00,167.87250639227128,173.26371610749072,173.0389225273949
2024-04-12 06:00:00+00:00,214.4616738720574,173.3217769637002,173.03046744013284
2024-04-12 12:00:00+00:00,152.81644548884702,173.217416859305,173.0133289821228
2024-04-12 18:00:00+00:00,104.15096413514235,173.1551882609092,173.01383321010303
2024-04-13 00:00:00+00:00,173.37070783266594,173.25930332572062,173.02690899279725
2024-04-13 06:00:00+00:00,218.91242209415157,173.31596203049895,173.01861749261093
2024-04-13 12:00:00+00:00,156.35313407622036,173.21107177021696,173.00207932076933
2024-04-13 18:00:00+00:00,108.82933447442073,173.15061438027078,173.0029253002217
2024-04-14 00:00:00+00:00,178.743960083753,173.25584067679824,173.01602368523038
2024-04-14 06:00:00+00:00,223.27547186744735,173.31110112150384,173.00784193832806
2024-04-14 12:00:00+00:00,159.8681266154645,173.20574424905487,172.99188339060942
2024-04-14 18:00:00+00:00,113.69568296368308,173.14679829251645,172.99251998215152
2024-04-15 00:00:00+00:00,184.30866010477106,173.2529009507606,173.00540794536954
2024-04-15 06:00:00+00:00,227.81707927246376,173.3069008955797,172.9974838031015
2024-04-15 12:00:00+00:00,163.44227584404373,173.20100379595397,172.9821915511797
2024-04-15 18:00:00+00:00,118.67531657745575,173.1435530685668,172.98253381464986
2024-04-16 00:00:00+00:00,190.01683397620366,173.25028797825905,172.99492446139072
2024-04-16 06:00:00+00:00,232.3612629390694,173.30319497445464,172.98761796339608
2024-04-16 12:00:00+00:00,167.18670966633408,173.19686576001607,172.9728733463137
2024-04-16 18:00:00+00:00,123.49331709933162,173.139995751127,172.97245308732641
2024-04-17 00:00:00+00:00,195.6523092067274,173.2474432705177,172.98431239991038
2024-04-17 06:00:00+00:00,236.81005142899463,173.29919850198547,172.9775907108111
2024-04-17 12:00:00+00:00,170.6728535708854,173.19262868552653,172.96381498152977
2024-04-17 18:00:00+00:00,128.53402539261157,173.13698731317083,172.96262092647976
2024-04-18 00:00:00+00:00,201.36894748022902,173.24465423581398,172.9736520282322
2024-04-18 06:00:00+00:00,241.34307637238072,173.29545616747237,172.96770353952377
2024-04-18 12:00:00+00:00,174.38444440133966,173.18863494190043,172.95469191742757
2024-04-18 18:00:00+00:00,133.3483712581254,173.1337652796949,172.9528828859934
2024-04-19 00:00:00+00:00,206.83054190989418,173.2417758802843,172.9632558396171
2024-04-19 06:00:00+00:00,245.91585030890744,173.29193567925108,172.95797554726687
2024-04-19 12:00:00+00:00,178.08752028539706,173.1849612229031,172.94589957219188
2024-04-19 18:00:00+00:00,138.3894423694099,173.13069973660106,172.9429928751639
2024-04-20 00:00:00+00:00,212.50956585037932,173.2391247099825,172.95279463787728
2024-04-20 06:00:00+00:00,250.36087970925698,173.28844895959566,172.9484739617991
2024-04-20 12:00:00+00:00,181.82191438118423,173.18147864004146,172.93725991052492
2024-04-20 18:00:00+00:00,143.41294956742823,173.1279512956704,172.93344393360337
2024-04-21 00:00:00+00:00,218.09372730898156,173.23651366792456,172.9425031911528
2024-04-21 06:00:00+00:00,254.84274968434892,173.28532963080363,172.9392816717675
2024-04-21 12:00:00+00:00,185.61787076748348,173.17864842463717,172.92919140265798
2024-04-21 18:00:00+00:00,148.45652018643457,173.125898409782,172.9245633288732
2024-04-22 00:00:00+00:00,223.6932180102706,173.2347215350896,172.93301403422186
2024-04-22 06:00:00+00:00,259.1961503282705,173.28294952250292,172.93100109416025
2024-04-22 12:00:00+00:00,189.20085059763048,173.17622884388533,172.92182452048462
2024-04-22 18:00:00+00:00,153.46057139984185,173.12451156715554,172.91640246814939
2024-04-23 00:00:00+00:00,229.30834916430115,173.23395548653332,172.92453226979455
2024-04-23 06:00:00+00:00,263.81074940854705,173.28168762104838,172.92348544417337
2024-04-23 12:00:00+00:00,193.10402872680416,173.17537058702692,172.9155820686409
2024-04-23 18:00:00+00:00,158.61798639075292,173.12428308762867,172.90919078031072
2024-04-24 00:00:00+00:00,234.87606042863518,173.23401018809977,172.91693655517668
2024-04-24 06:00:00+00:00,268.1404033591344,173.28124554737298,172.91717810310672
2024-04-24 12:00:00+00:00,196.7855486558004,173.17532376946957,172.9104514911445
2024-04-24 18:00:00+00:00,163.60356730604258,173.12532904934335,172.9034873890422
2024-04-25 00:00:00+00:00,240.60177249726638,173.23550429951644,172.91057039534252
2024-04-25 06:00:00+00:00,272.59155328699825,173.2821801992303,172.9120830272317
2024-04-25 12:00:00+00:00,200.50759705076936,173.17663540747435,172.906631518312
2024-04-25 18:00:00+00:00,168.9644374675246,173.12802050202174,172.8989195106991
2024-04-26 00:00:00+00:00,246.33170110143004,173.23875759083887,172.9059596841172
2024-04-26 06:00:00+00:00,276.97671294772755,173.28453893889264,172.90850142739146
2024-04-26 12:00:00+00:00,204.34453429912614,173.1794593186255,172.90416469697493
2024-04-26 18:00:00+00:00,174.08538008583315,173.13214761079115,172.89611372994125
2024-04-27 00:00:00+00:00,252.01815569027008,173.24340858525625,172.90280903942266
2024-04-27 06:00:00+00:00,281.4585138049468,173.2881228159078,172.9060146980197
2024-04-27 12:00:00+00:00,208.22290387030654,173.18341647267442,172.9027781744968
2024-04-27 18:00:00+00:00,179.2190990117744,173.137632545497,172.89465099058918
2024-04-28 00:00:00+00:00,257.60670829720704,173.24923110990028,172.90096187091171
2024-04-28 06:00:00+00:00,285.6205419661837,173.292870193348,172.9051214669837
2024-04-28 12:00:00+00:00,211.96652784218617,173.18841479383366,172.90261627879238
2024-04-28 18:00:00+00:00,184.5894723144948,173.14452204989544,172.8942652054577
2024-04-29 00:00:00+00:00,263.4369705753518,173.25642601159075,172.90016336311385
2024-04-29 06:00:00+00:00,290.32741129270875,173.2987487816033,172.90463212290672
2024-04-29 12:00:00+00:00,215.91537060482318,173.19413283619622,172.9028974179355
2024-04-29 18:00:00+00:00,189.72942788010914,173.15196826713543,172.8947522920211
2024-04-30 00:00:00+00:00,268.95209057143495,173.26406070002463,172.9002401305928
2024-04-30 06:00:00+00:00,294.7597916649274,173.30435340646267,172.90423776662487
2024-04-30 12:00:00+00:00,219.71944708545828,173.19986987822028,172.9033968123419
2024-04-30 18:00:00+00:00,195.02269666101571,173.15984032600505,172.89545628160823
2024-05-01 00:00:00+00:00,274.78242979958355,173.27214581222984,172.90033733335025
2024-05-01 06:00:00+00:00,299.07196748251914,173.31034280580866,172.9043892562637
2024-05-01 12:00:00+00:00,223.52224504918877,173.2053140678923,172.90360735114564
2024-05-01 18:00:00+00:00,200.50745921116962,173.16756586997224,172.89575148641393
2024-05-02 00:00:00+00:00,280.57324750468575,173.28026649568864,172.90052611695307
2024-05-02 06:00:00+00:00,303.5649687311951,173.31592196022245,172.90388724112972
2024-05-02 12:00:00+00:00,227.45838120837888,173.21033553765835,172.90321435057717
2024-05-02 18:00:00+00:00,205.6373130791263,173.17477554575873,172.89601519140956
2024-05-03 00:00:00+00:00,286.25133344543224,173.28777852099006,172.90026691266326
2024-05-03 06:00:00+00:00,308.0758261079918,173.3207720369312,172.90263346691233
2024-05-03 12:00:00+00:00,231.41291179481698,173.2151466345979,172.90258728172142
2024-05-03 18:00:00+00:00,211.24446598363224,173.18214988867896,172.89578800143516
2024-05-04 00:00:00+00:00,292.13860833883984,173.29544006682158,172.89986508360892
2024-05-04 06:00:00+00:00,312.44575464011785,173.32586538723672,172.90181211579494
2024-05-04 12:00:00+00:00,235.32298833198044,173.21999097013685,172.90205452063105
2024-05-04 18:00:00+00:00,216.50999126851352,173.1892857945832,172.89578878474867
2024-05-05 00:00:00+00:00,297.7403859170195,173.30307122270608,172.8998281578223
2024-05-05 06:00:00+00:00,316.83339914390086,173.33124218382568,172.90124943708952
2024-05-05 12:00:00+00:00,239.28427278563632,173.22528888483453,172.90190776762688
2024-05-05 18:00:00+00:00,222.07224764176127,173.19758830927583,172.89655181433926
2024-05-06 00:00:00+00:00,303.58995124667763,173.31195283652653,172.9007073813426
2024-05-06 06:00:00+00:00,321.36379348537906,173.33767056979985,172.90154324799244
2024-05-06 12:00:00+00:00,243.44241787334485,173.23183448091856,172.90274255054112
2024-05-06 18:00:00+00:00,227.390130512731,173.20668398344446,172.89844013650662
2024-05-07 00:00:00+00:00,309.2185644935483,173.32147947320613,172.90253000810935
2024-05-07 06:00:00+00:00,325.8432538465747,173.34514294021477,172.90295225714004
2024-05-07 12:00:00+00:00,247.5108510140888,173.23968421471073,172.9049986578881
2024-05-07 18:00:00+00:00,233.05835758523605,173.21763701745272,172.9017072510601
2024-05-08 00:00:00+00:00,315.13427079154746,173.33305776372248,172.90601719248423
2024-05-08 06:00:00+00:00,330.2753220225238,173.35445014977375,172.90625943323585
2024-05-08 12:00:00+00:00,251.6094602162581,173.24935071483196,172.9090326926215
2024-05-08 18:00:00+00:00,238.6314767310538,173.22982986693944,172.9063436684279
2024-05-09 00:00:00+00:00,320.92013365564225,173.34587406686376,172.91091883010006
2024-05-09 06:00:00+00:00,334.75466635991467,173.36551396433094,172.9112580066626
2024-05-09 12:00:00+00:00,255.7571974899236,173.26071786000512,172.91470637320577
2024-05-09 18:00:00+00:00,244.26056510570973,173.2437741116721,172.91265598253898
2024-05-10 00:00:00+00:00,326.7568020667382,173.36038347405656,172.91744444721246
2024-05-10 06:00:00+00:00,339.0990365501004,173.37808987207893,172.91795322943938
2024-05-10 12:00:00+00:00,259.7996698517306,173.27351920707554,172.92195477313282
2024-05-10 18:00:00+00:00,249.94429119790223,173.25888509943252,172.9200610193438
2024-05-11 00:00:00+00:00,332.64352679781575,173.37602286089339,172.92503402839645
2024-05-11 06:00:00+00:00,343.5786304538034,173.39185082613227,172.92564895288365
2024-05-11 12:00:00+00:00,263.9819416342863,173.2873850756497,172.93008111653842
2024-05-11 18:00:00+00:00,255.6113388214771,173.27474742656636,172.92823975934573
2024-05-12 00:00:00+00:00,338.54169525442023,173.39239150841672,172.93333928818618
2024-05-12 06:00:00+00:00,348.0631945966136,173.406613662656,172.93433905187084
2024-05-12 12:00:00+00:00,268.20634635862234,173.30229899464052,172.93919879660973
2024-05-12 18:00:00+00:00,261.3177741795206,173.29108083105302,172.9368363566315
2024-05-13 00:00:00+00:00,344.4807191492136,173.40879405620967,172.94162162490397
2024-05-13 06:00:00+00:00,352.5749600096179,173.42180602143623,172.94340816293686
2024-05-13 12:00:00+00:00,272.35536784019445,173.31755174800202,172.94876190816763
2024-05-13 18:00:00+00:00,266.9870701158909,173.30754644415583,172.94561620521756
2024-05-14 00:00:00+00:00,350.19845931512293,173.4252981454244,172.95031167802165
2024-05-14 06:00:00+00:00,357.01542094033766,173.43717956895102,172.9527803885967
2024-05-14 12:00:00+00:00,276.66489146886096,173.33301335659837,172.95831654038443
2024-05-14 18:00:00+00:00,272.82140799817796,173.32409342096855,172.9542518332937
2024-05-15 00:00:00+00:00,356.1549322302759,173.44179493302124,172.95866809212902
2024-05-15 06:00:00+00:00,364.9391025821514,173.45713593761604,172.96232525326172
2024-05-15 12:00:00+00:00,256.9585895644796,173.31261759050983,172.96815131409232
2024-05-15 18:00:00+00:00,192.04848042268821,173.22396257026696,172.96299063981462
2024-05-16 00:00:00+00:00,252.27433493075935,173.30895996300188,172.96711208339394
2024-05-16 06:00:00+00:00,259.36192557217555,173.32085639713284,172.9718231429366
2024-05-16 12:00:00+00:00,114.37235050244328,173.10609555668327,172.9779382899152
2024-05-16 18:00:00+00:00,19.95597912293739,172.9483630638016,172.9719503442684
2024-05-17 00:00:00+00:00,43.32472844990461,173.0281906681248,172.97555337642808
2024-05-17 06:00:00+00:00,55.421753369605575,173.03890805802894,172.98161335276916
2024-05-17 12:00:00+00:00,137.51046301822691,172.82307289738748,172.98804780811219
2024-05-17 18:00:00+00:00,231.66051915542198,172.66627048601725,172.98076797116232
2024-05-18 00:00:00+00:00,175.48174110689902,172.74730531285388,172.98442633318973
2024-05-18 06:00:00+00:00,164.76485580822444,172.76986229810592,172.99159262943977
2024-05-18 12:00:00+00:00,277.62187814052913,172.62578036459763,172.99842849419917
2024-05-18 18:00:00+00:00,341.0667628864805,172.52678040272247,172.99022707975047
2024-05-19 00:00:00+00:00,284.7761686161093,172.6070993519911,172.99331055507207
2024-05-19 06:00:00+00:00,273.81233350555135,172.63132585710912,173.0020003664655
2024-05-19 12:00:00+00:00,318.72515160638557,172.57738355658626,173.00961613710302
2024-05-19 18:00:00+00:00,339.3696198669933,172.53927721224903,173.00031514812417
2024-05-20 00:00:00+00:00,283.7140907462828,172.61905462583462,173.00379844648836
2024-05-20 06:00:00+00:00,261.62519674861807,172.65852276549447,173.01383288247445
2024-05-20 12:00:00+00:00,317.644251252492,172.5908854403607,173.02165734804925
2024-05-20 18:00:00+00:00,337.36826616155406,172.55317141361087,173.01147608853614
2024-05-21 00:00:00+00:00,281.35877961127335,172.63339538260783,173.0149449400019
2024-05-21 06:00:00+00:00,260.41254715000065,172.67310823761352,173.0267627447899
2024-05-21 12:00:00+00:00,314.54978482252216,172.60560106036098,173.0323497178187
2024-05-21 18:00:00+00:00,324.0671505742915,172.56817982661164,173.00819064291568
2024-05-22 00:00:00+00:00,260.6415042880299,172.6487681171547,173.00195536596664
2024-05-22 06:00:00+00:00,240.98228886116726,172.68872330652448,173.01594022411132
2024-05-22 12:00:00+00:00,295.28916497202863,172.6213782867286,173.0219406698679
2024-05-22 18:00:00+00:00,303.9425825141369,172.58469106048193,172.99731174376814
2024-05-23 00:00:00+00:00,240.36304781957762,172.66581765533527,172.99137887168365
2024-05-23 06:00:00+00:00,220.6180154433918,172.70695202013098,173.00654317926228
2024-05-23 12:00:00+00:00,269.17202832282385,172.64796122362588,173.01319306868265
2024-05-23 18:00:00+00:00,272.1754656127536,172.61843380831198,172.98775485032434
2024-05-24 00:00:00+00:00,208.47894407355398,172.69999841559388,172.98205854067658
2024-05-24 06:00:00+00:00,189.51926694570503,172.74106377043626,172.99834414020518
2024-05-24 12:00:00+00:00,238.3014866223622,172.68232417901015,173.00556825667798
2024-05-24 18:00:00+00:00,240.34060506624533,172.6536988412294,172.97965693551237
2024-05-25 00:00:00+00:00,176.59778649884905,172.7355522770663,172.97407152116068
2024-05-25 06:00:00+00:00,158.425313524864,172.77646714714774,172.99142336821762
2024-05-25 12:00:00+00:00,207.39283683244668,172.71807335476694,172.99926715179834
2024-05-25 18:00:00+00:00,208.54034144511866,172.69045182447724,172.9730692299105
2024-05-26 00:00:00+00:00,144.7450918069684,172.7723715949432,172.96729109850696
2024-05-26 06:00:00+00:00,127.44223380580632,172.81260106199176,172.98534660362452
2024-05-26 12:00:00+00:00,176.58518160630226,172.7545271300183,172.9937875911072
2024-05-26 18:00:00+00:00,176.71857218571978,172.72808290465332,172.96727556919757
2024-05-27 00:00:00+00:00,112.79493707310465,172.81003090153013,172.96103324693195
2024-05-27 06:00:00+00:00,92.02212703888576,172.85480600337775,172.9797739060391
2024-05-27 12:00:00+00:00,117.25762791101178,172.82908210857602,172.98832864789824
2024-05-27 18:00:00+00:00,104.5173264763199,172.8203073515553,172.96186633070567
2024-05-28 00:00:00+00:00,81.45618667492143,172.84476128509505,172.95535579398
2024-05-28 06:00:00+00:00,94.81849187244413,172.84594615641765,172.97413216999394
2024-05-28 12:00:00+00:00,118.61288072808335,172.8218189356669,172.9829047473786
2024-05-28 18:00:00+00:00,107.1879021195831,172.8116111342233,172.95673082680378
2024-05-29 00:00:00+00:00,83.44823107907351,172.83616291154254,172.9494735007417
2024-05-29 06:00:00+00:00,97.3073529038303,172.8360951283031,172.9676780818569
2024-05-29 12:00:00+00:00,121.3896909349711,172.81244827845546,172.9773162528802
2024-05-29 18:00:00+00:00,109.22856330477202,172.80314269634198,172.95104016688367
2024-05-30 00:00:00+00:00,85.86983168624698,172.82690405462898,172.94351608677175
2024-05-30 06:00:00+00:00,99.99179006843652,172.8259894173471,172.96122436612586
2024-05-30 12:00:00+00:00,123.99011994291966,172.80276967696426,172.97117874287142
2024-05-30 18:00:00+00:00,111.2219031581891,172.79487427940086,172.9454776761857
2024-05-31 00:00:00+00:00,87.91853543907158,172.81790944822876,172.93731426333636
2024-05-31 06:00:00+00:00,102.48712952286266,172.81637428411705,172.95507102684456
2024-05-31 12:00:00+00:00,124.37468861936172,172.7961345419651,172.965089147326
2024-05-31 18:00:00+00:00,110.19646156815854,172.7905453912134,172.93972281156624
2024-06-01 00:00:00+00:00,87.27992241057808,172.81270232201706,172.93124361797072
2024-06-01 06:00:00+00:00,101.98788926381827,172.81035826644745,172.9483570802929
2024-06-01 12:00:00+00:00,124.01994440664501,172.79061775651144,172.95909641957292
2024-06-01 18:00:00+00:00,109.64198054914725,172.7859985572137,172.93441379096532
2024-06-02 00:00:00+00:00,86.65679276026025,172.80800398459098,172.92570396176012
2024-06-02 06:00:00+00:00,101.6700933277519,172.80514836305701,172.94269700005725
2024-06-02 12:00:00+00:00,123.64772545364698,172.78615267910516,172.95412978347315
2024-06-02 18:00:00+00:00,108.80601551977045,172.78304769897397,172.93030828601258
2024-06-03 00:00:00+00:00,85.6623923288742,172.80505096053116,172.9214034555257
2024-06-03 06:00:00+00:00,101.10193128283198,172.8017954143263,172.9385677810053
2024-06-03 12:00:00+00:00,122.83182808109103,172.78338796360686,172.95026097247143
2024-06-03 18:00:00+00:00,107.80563299506274,172.7816918417236,172.92758201841934
2024-06-04 00:00:00+00:00,84.9051447698417,172.80314015439615,172.91846852963494
2024-06-04 06:00:00+00:00,101.05503082554524,172.7990175891158,172.9357206109563
2024-06-04 12:00:00+00:00,122.40032731831678,172.7819511491747,172.94824229733183
2024-06-04 18:00:00+00:00,106.74694654913863,172.78196210608752,172.92640080102507
2024-06-05 00:00:00+00:00,84.09671060728058,172.8030246855393,172.9172597376113
2024-06-05 06:00:00+00:00,100.45412504601939,172.798807732638,172.9346801186341
2024-06-05 12:00:00+00:00,121.76072516698802,172.7822145935089,172.94764114254917
2024-06-05 18:00:00+00:00,105.84783532746295,172.78327033397397,172.926475664505
2024-06-06 00:00:00+00:00,83.47107017249729,172.80422969373262,172.9176183897281
2024-06-06 06:00:00+00:00,100.16281683259307,172.7995381276171,172.93499950000358
2024-06-06 12:00:00+00:00,121.22669691909094,172.78397682853046,172.94868129173415
2024-06-06 18:00:00+00:00,104.72930269516702,172.78590391769671,172.92757509111982
2024-06-07 00:00:00+00:00,82.6366307589875,172.80658762582664,172.9188467289746
2024-06-07 06:00:00+00:00,99.80375348611823,172.802101916315,172.93706698227595
2024-06-07 12:00:00+00:00,120.61475510903021,172.78700227749187,172.95087828427575
2024-06-07 18:00:00+00:00,103.79950295903414,172.78952215085945,172.92991653554304
2024-06-08 00:00:00+00:00,81.91891332116472,172.81010194089293,172.9213896951989
2024-06-08 06:00:00+00:00,99.5576877976604,172.80543111522223,172.94005850148108
2024-06-08 12:00:00+00:00,120.02404527591551,172.79075536617438,172.9538309272005
2024-06-08 18:00:00+00:00,102.73258913845177,172.79345722369573,172.9323971319588
2024-06-09 00:00:00+00:00,81.22405641425287,172.8136928163908,172.9240404045952
2024-06-09 06:00:00+00:00,99.27574292459481,172.8092369144726,172.9434715432419
2024-06-09 12:00:00+00:00,119.3504447942215,172.79491874871974,172.95708132718323
2024-06-09 18:00:00+00:00,101.7779476823589,172.7974052477981,172.93503114281958
2024-06-10 00:00:00+00:00,80.3528118375812,172.81757712944216,172.92674431235292
2024-06-10 06:00:00+00:00,98.77524779306172,172.81351065664995,172.94705818453946
2024-06-10 12:00:00+00:00,118.63601375878564,172.79948602540867,172.96067939913257
2024-06-10 18:00:00+00:00,100.55502157119126,172.80174906793354,172.93769939566283
2024-06-11 00:00:00+00:00,79.39142284070306,172.82167321012685,172.92953708356652
2024-06-11 06:00:00+00:00,98.1374168703441,172.81849269513486,172.9511634155196
2024-06-11 12:00:00+00:00,117.88889668641468,172.80392964769356,172.96410890546542
2024-06-11 18:00:00+00:00,99.49539511654224,172.80593320857872,172.94043094635242
2024-06-12 00:00:00+00:00,78.43295451227472,172.82547764591322,172.93204194165588
2024-06-12 06:00:00+00:00,97.6565922076298,172.82287066058086,172.9548799408476
2024-06-12 12:00:00+00:00,117.14155051742594,172.8081430395029,172.9673074475345
2024-06-12 18:00:00+00:00,98.33206895913597,172.80981521984597,172.94271733578444
2024-06-13 00:00:00+00:00,77.7657742354679,172.82950167429425,172.93516143166448
2024-06-13 06:00:00+00:00,97.37634640702674,172.827743510409,172.95936557554745
2024-06-13 12:00:00+00:00,116.59758488540886,172.8130368807241,172.9714622477893
2024-06-13 18:00:00+00:00,97.32880643239145,172.81382199551422,172.94534781215145
2024-06-14 00:00:00+00:00,76.91673472968488,172.83371463324028,172.93822264643694
2024-06-14 06:00:00+00:00,96.88529817175123,172.832911355742,172.96385622870974
2024-06-14 12:00:00+00:00,115.8267725875075,172.81814918524566,172.97552665663483
2024-06-14 18:00:00+00:00,96.23368922178335,172.81835090620552,172.94837577223404
2024-06-15 00:00:00+00:00,76.08688663120574,172.83831136285738,172.94169317282274
2024-06-15 06:00:00+00:00,96.20437186780975,172.83861726756936,172.96863203454672
2024-06-15 12:00:00+00:00,114.84908834708774,172.82384869365058,172.9798972979421
2024-06-15 18:00:00+00:00,95.03511346181148,172.823918203041,172.95230355863208
2024-06-16 00:00:00+00:00,75.12742393809803,172.84352981693905,172.9456087404398
2024-06-16 06:00:00+00:00,95.8560766450653,172.8444565734046,172.97399312391633
2024-06-16 12:00:00+00:00,114.16888420411273,172.83019580991856,172.98531907249344
2024-06-16 18:00:00+00:00,93.95371739309077,172.829977630759,172.95687942349866
2024-06-17 00:00:00+00:00,74.21787489644734,172.84986391017378,172.9507071736611
2024-06-17 06:00:00+00:00,95.31297055126443,172.851882113545,172.98067373481888
2024-06-17 12:00:00+00:00,113.29891833871987,172.83795936559903,172.99189905713615
2024-06-17 18:00:00+00:00,92.71830893306283,172.83728967982552,172.96249489675256
2024-06-18 00:00:00+00:00,73.43898021305439,172.85761084374622,172.95739553641624
2024-06-18 06:00:00+00:00,94.83067595210956,172.8609232347036,172.98905038566727
2024-06-18 12:00:00+00:00,112.59523788186684,172.84656597309942,172.99954815055673
2024-06-18 18:00:00+00:00,91.55842924314734,172.84599626087328,172.96961465894503
2024-06-19 00:00:00+00:00,72.79887672798013,172.8661282150569,172.96504260790272
2024-06-19 06:00:00+00:00,94.66247246394425,172.87032162186756,172.99820827035694
2024-06-19 12:00:00+00:00,111.8111646488372,172.85670919518475,173.00862416859871
2024-06-19 18:00:00+00:00,90.46469357728685,172.856025782914,172.9781422785121
2024-06-20 00:00:00+00:00,71.85236927576969,172.87657562396907,172.97420216487114
2024-06-20 06:00:00+00:00,93.93744021634804,172.8817745020067,173.00867728636808
2024-06-20 12:00:00+00:00,111.063307298331,172.8682260405007,173.01912275204973
2024-06-20 18:00:00+00:00,89.2522477675834,172.86768950320726,172.9881489629455
2024-06-21 00:00:00+00:00,70.90461683684265,172.88815954331488,172.9844957824065
2024-06-21 06:00:00+00:00,93.40204656303669,172.89402150403384,173.02018786602292
2024-06-21 12:00:00+00:00,110.20837652109944,172.88105281389687,173.03078539307296
2024-06-21 18:00:00+00:00,88.29040439057364,172.8805129385487,172.99965239056485
2024-06-22 00:00:00+00:00,70.21171209055878,172.90059818457883,172.99598993669264
2024-06-22 06:00:00+00:00,92.95400011556951,172.90704555976004,173.03260124707333
2024-06-22 12:00:00+00:00,109.4126604415317,172.89477817207853,173.0434271533029
2024-06-22 18:00:00+00:00,87.11070430896514,172.89432688145462,173.01184758334944
2024-06-23 00:00:00+00:00,69.36467633148818,172.91386413098417,173.0081010013797
2024-06-23 06:00:00+00:00,92.64463001618175,172.92064010875197,173.04577055442098
2024-06-23 12:00:00+00:00,108.70638703706108,172.90901567924243,173.05670229589361
2024-06-23 18:00:00+00:00,86.02170033686536,172.90880070277626,173.02482839112406
2024-06-24 00:00:00+00:00,68.50312569408287,172.9275721512481,173.0206336313342
2024-06-24 06:00:00+00:00,92.12702240547945,172.93431956472068,173.05874173644804
2024-06-24 12:00:00+00:00,107.8462338472048,172.92344128130458,173.06995622905453
2024-06-24 18:00:00+00:00,84.95908436056037,172.92358275421566,173.038155453792
2024-06-25 00:00:00+00:00,67.73108661063293,172.94136144865115,173.0333691933331
2024-06-25 06:00:00+00:00,91.641165301315,172.94780387509263,173.07155985356258
2024-06-25 12:00:00+00:00,107.10712631149471,172.93755283295104,173.08306037900684
2024-06-25 18:00:00+00:00,83.81410040928634,172.9385421553123,173.05154164492785
2024-06-26 00:00:00+00:00,66.97723731374568,172.95481484156028,173.04579148295318
2024-06-26 06:00:00+00:00,91.12613951288954,172.9606825746913,173.08343510305917
2024-06-26 12:00:00+00:00,114.60256101290844,172.94006587876254,173.09575363844488
2024-06-26 18:00:00+00:00,99.99079057073973,172.9289191578951,173.06432087065195
2024-06-27 00:00:00+00:00,84.91936685907889,172.94249652666326,173.05786428445316
2024-06-27 06:00:00+00:00,92.06854596151925,172.94664828096643,173.07111040854397
2024-06-27 12:00:00+00:00,113.33467278013964,172.92692405398594,173.08089482014384
2024-06-27 18:00:00+00:00,98.96766091320066,172.91664543294303,173.05048886719754
2024-06-28 00:00:00+00:00,76.50110286078038,172.92892288361082,173.03284577797854
2024-06-28 06:00:00+00:00,91.21646909114594,172.93276975714082,173.05606300684622
2024-06-28 12:00:00+00:00,112.35158067575124,172.9138172859856,173.06645575260222
2024-06-28 18:00:00+00:00,97.62223685684661,172.9044932116201,173.03648653154505
2024-06-29 00:00:00+00:00,75.18193570208902,172.9160282733638,173.01816191408307
2024-06-29 06:00:00+00:00,90.35440834705653,172.9194559900596,173.04155147440116
2024-06-29 12:00:00+00:00,111.40228442300418,172.90162678272748,173.05297979996925
2024-06-29 18:00:00+00:00,95.98226140725231,172.8933976209683,173.02313215288092
2024-06-30 00:00:00+00:00,73.72452408127913,172.9039812343837,173.00413755916867
2024-06-30 06:00:00+00:00,89.86695499576886,172.90726129746554,173.02870560854944
2024-06-30 12:00:00+00:00,110.33116388499701,172.89058574356022,173.04048696413645
2024-06-30 18:00:00+00:00,94.79389914906805,172.88340765303758,173.01151257125116
2024-07-01 00:00:00+00:00,72.54110078751171,172.89326465956276,172.99181754457493
2024-07-01 06:00:00+00:00,88.60542269617444,172.89658393281223,173.0162741180954
2024-07-01 12:00:00+00:00,109.2415733077243,172.8810321064172,173.02945631634418
2024-07-01 18:00:00+00:00,93.32544107415904,172.87510845460235,173.00119542416468
2024-07-02 00:00:00+00:00,71.19141665464613,172.88451841152698,172.98124102135364
2024-07-02 06:00:00+00:00,87.80748774150791,172.88763244294432,173.00622224491667
2024-07-02 12:00:00+00:00,108.23542342292785,172.87305746858,173.0201175078439
2024-07-02 18:00:00+00:00,91.91307087865933,172.86821991056127,172.99237012493506
2024-07-03 00:00:00+00:00,69.993111757272,172.8771380251997,172.9722360300392
2024-07-03 06:00:00+00:00,87.0875200428249,172.88041522832737,172.9980161695364
2024-07-03 12:00:00+00:00,107.25944346239153,172.86661596114868,173.01235264740728
2024-07-03 18:00:00+00:00,90.58997795411801,172.86276971986774,172.98510646940667
2024-07-04 00:00:00+00:00,68.89655720060092,172.87117059449963,172.96478226187412
2024-07-04 06:00:00+00:00,86.13938021412046,172.87488512926302,172.9911826924129
2024-07-04 12:00:00+00:00,106.06429451011164,172.86154103899838,173.00565592156278
2024-07-04 18:00:00+00:00,89.07775705070688,172.85813131522292,172.9783961912325
2024-07-05 00:00:00+00:00,67.55638498993743,172.86639401165235,172.9581879616531
2024-07-05 06:00:00+00:00,85.37987899074507,172.87025885710398,172.98551409115203
2024-07-05 12:00:00+00:00,105.07842922788123,172.85698383292834,172.99976060191528
2024-07-05 18:00:00+00:00,87.68430256250912,172.85399966859558,172.97235318723767
2024-07-06 00:00:00+00:00,66.33394632937899,172.86208997775782,172.95222568015015
2024-07-06 06:00:00+00:00,84.53502168708538,172.86611939603682,172.98021712667344
2024-07-06 12:00:00+00:00,104.03463409177749,172.85296240471416,172.99432193950628
2024-07-06 18:00:00+00:00,86.22650912409041,172.85005590023644,172.96640295839677
2024-07-07 00:00:00+00:00,65.18131144004302,172.85802278342578,172.94659506762065
2024-07-07 06:00:00+00:00,83.8080039139388,172.86233633622504,172.9754326557703
2024-07-07 12:00:00+00:00,103.09241288616337,172.84897757488807,172.98905735648748
2024-07-07 18:00:00+00:00,84.91548921970838,172.8459353844803,172.960484587974
2024-07-08 00:00:00+00:00,64.10318107515346,172.85385503827354,172.94096471287367
2024-07-08 06:00:00+00:00,83.01110846959959,172.85883798366785,172.97082991259055
2024-07-08 12:00:00+00:00,101.95809006397961,172.84495869506975,172.98349721566774
2024-07-08 18:00:00+00:00,83.38073749134492,172.84168591492767,172.9541268197168
2024-07-09 00:00:00+00:00,62.815966508852505,172.84971954923287,172.93508201449526
2024-07-09 06:00:00+00:00,82.21721377489231,172.85534112091045,172.96624093662814
2024-07-09 12:00:00+00:00,100.93028249126202,172.8410367378121,172.97817830920758
2024-07-09 18:00:00+00:00,82.09840242885507,172.8371884563491,172.94786533110243
2024-07-10 00:00:00+00:00,61.699473378041354,172.84557534414682,172.92942199172012
2024-07-10 06:00:00+00:00,81.44713384458201,172.8517760971962,172.96161455570586
2024-07-10 12:00:00+00:00,99.90049463446984,172.83701332919856,172.97275484430685
2024-07-10 18:00:00+00:00,83.02763599484604,172.82965633082517,172.94162884660784
2024-07-11 00:00:00+00:00,63.061692965284394,172.83813937489958,172.92383838442123
2024-07-11 06:00:00+00:00,83.23009616013212,172.84503921846766,172.9572997265368
2024-07-11 12:00:00+00:00,101.8781527519233,172.82916212098286,172.96758979675923
2024-07-11 18:00:00+00:00,82.76646020377417,172.8242216341314,172.93582887097432
2024-07-12 00:00:00+00:00,63.01232038281991,172.8330828046815,172.91871505675243
2024-07-12 06:00:00+00:00,83.6034365770004,172.84056348107373,172.95333245547283
2024-07-12 12:00:00+00:00,101.99544402129317,172.824254307886,172.9628401295057
2024-07-12 18:00:00+00:00,82.55639342890771,172.81920101199466,172.93052121328333
2024-07-13 00:00:00+00:00,63.05851708772321,172.82820892567008,172.91390378065734
2024-07-13 06:00:00+00:00,84.03693886678913,172.83642866969296,172.94979272231018
2024-07-13 12:00:00+00:00,102.29819563958482,172.8200976634934,172.95909321290617
2024-07-13 18:00:00+00:00,82.49657570682577,172.814723762536,172.9259557609571
2024-07-14 00:00:00+00:00,63.273734527978036,172.8242485471485,172.91023527003665
2024-07-14 06:00:00+00:00,84.6001642429808,172.83343608714904,172.9475644950017
2024-07-14 12:00:00+00:00,102.4038201230875,172.81693636354328,172.95607348700662
2024-07-14 18:00:00+00:00,82.2989920653218,172.8116520806651,172.9226130497425
2024-07-15 00:00:00+00:00,63.24149978540896,172.82179452911316,172.907735956789
2024-07-15 06:00:00+00:00,84.9260516284388,172.83207783339702,172.94664768267876
2024-07-15 12:00:00+00:00,102.50938148102277,172.81490000075382,172.95417826955088
2024-07-15 18:00:00+00:00,82.06331998456868,172.80966879698536,172.92030150476018
2024-07-16 00:00:00+00:00,63.406529809925885,172.82022695519998,172.9063903657268
2024-07-16 06:00:00+00:00,85.4539033019518,172.83127921145967,172.94657257028678
2024-07-16 12:00:00+00:00,102.72180251049534,172.81432327012624,172.95388748992184
2024-07-16 18:00:00+00:00,81.93251068026024,172.80913980247806,172.91959308121966
2024-07-17 00:00:00+00:00,63.537630823376844,172.8200816593477,172.9064204587629
2024-07-17 06:00:00+00:00,85.97993520000858,172.83217084468225,172.9481841542207
2024-07-17 12:00:00+00:00,102.9616234397819,172.81506398160855,172.95495128480724
2024-07-17 18:00:00+00:00,81.70502218128775,172.8100758773271,172.92022149203933
2024-07-18 00:00:00+00:00,63.60793859192373,172.82113162634153,172.90756251213986
2024-07-18 06:00:00+00:00,86.30219787876362,172.8340347256103,172.95049348525373
2024-07-18 12:00:00+00:00,102.94923657588345,172.8173846298199,172.95725170101753
2024-07-18 18:00:00+00:00,81.52792479690906,172.8122953645958,172.9221933595354
2024-07-19 00:00:00+00:00,63.68489377295034,172.8233501446868,172.90988109418117
2024-07-19 06:00:00+00:00,86.70930801783642,172.83697114652978,172.95398476403318
2024-07-19 12:00:00+00:00,103.1022623399666,172.8205055519685,172.960577382878
2024-07-19 18:00:00+00:00,81.28669609690195,172.8155089333876,172.9250768336497
2024-07-20 00:00:00+00:00,63.920138180167314,172.82623911401123,172.91308469560943
2024-07-20 06:00:00+00:00,87.15807711981792,172.84028830147844,172.95791760498753
2024-07-20 12:00:00+00:00,103.18276318081114,172.8245508698559,172.96472832940412
2024-07-20 18:00:00+00:00,80.99681041619192,172.81942564308156,172.92860086588678
2024-07-21 00:00:00+00:00,64.14780315138127,172.82915752292098,172.91630650666582
2024-07-21 06:00:00+00:00,87.83465808565475,172.84368404899794,172.96224212002045
2024-07-21 12:00:00+00:00,103.45191215050357,172.82861198536966,172.9691510337601
2024-07-21 18:00:00+00:00,80.68004422425712,172.823804467407,172.9325581859565
2024-07-22 00:00:00+00:00,64.11263374138453,172.83245615804253,172.91955170537483
2024-07-22 06:00:00+00:00,88.11866799179303,172.84708908032678,172.96603223054194
2024-07-22 12:00:00+00:00,103.67785367357281,172.8325449481726,172.9733868527154
2024-07-22 18:00:00+00:00,80.78436744309545,172.82771347791606,172.93659212265413
2024-07-23 00:00:00+00:00,64.41063650535702,172.83533333465346,172.92282521534923
2024-07-23 06:00:00+00:00,89.02877757332169,172.84947362518074,172.96969071197327
2024-07-23 12:00:00+00:00,103.85508583023802,172.8363066067294,172.9773852770751
2024-07-23 18:00:00+00:00,80.72079800600281,172.83149167728658,172.94028667888068
2024-07-24 00:00:00+00:00,64.63449917942793,172.8379110989008,172.92569981968467
2024-07-24 06:00:00+00:00,89.32330398839872,172.85186503151277,172.97245412209725
2024-07-24 12:00:00+00:00,104.16237545215543,172.839763553693,172.98125611752187
2024-07-24 18:00:00+00:00,80.35474266039738,172.83558467044685,172.94387785246306
2024-07-25 00:00:00+00:00,64.72356913321536,172.84036652055636,172.92826739228838
2024-07-25 06:00:00+00:00,89.77014192580613,172.85419566022335,172.97539658298945
2024-07-25 12:00:00+00:00,104.26168749549905,172.84280769691009,172.98442999577946
2024-07-25 18:00:00+00:00,80.48578385306739,172.83941179016853,172.9478797704818
2024-07-26 00:00:00+00:00,65.06792390560328,172.84295992747178,172.93132006240904
2024-07-26 06:00:00+00:00,90.36217754533644,172.85695215882185,172.97896697535674
2024-07-26 12:00:00+00:00,104.52214714752829,172.84743302951142,172.98940464408372
2024-07-26 18:00:00+00:00,80.32464456157552,172.84407680636673,172.95232641400497
2024-07-27 00:00:00+00:00,65.2461461158943,172.84655869566598,172.9351519358002
2024-07-27 06:00:00+00:00,90.81198198605485,172.86080049816417,172.98343556822363
2024-07-27 12:00:00+00:00,104.69247881955916,172.85232223094005,172.99451980318594
2024-07-27 18:00:00+00:00,80.35822026405572,172.8497076884413,172.95800495618198
2024-07-28 00:00:00+00:00,65.57138809564536,172.85128405034413,172.94031102236784
2024-07-28 06:00:00+00:00,91.4080720972648,172.86638817279584,172.98984271243887
2024-07-28 12:00:00+00:00,104.95186274092843,172.85938472326143,173.0019295617189
2024-07-28 18:00:00+00:00,80.20700453691737,172.85692319312045,172.96501868597306
2024-07-29 00:00:00+00:00,65.89128641740832,172.85762815950568,172.94707789540314
2024-07-29 06:00:00+00:00,92.04480960654395,172.87312461531587,172.99745531562763
2024-07-29 12:00:00+00:00,105.15857615231482,172.86727050406614,173.0100904843693
2024-07-29 18:00:00+00:00,80.03576011799191,172.86576085046727,172.97362589106592
2024-07-30 00:00:00+00:00,66.06712607649871,172.8657662895713,172.95544425724336
2024-07-30 06:00:00+00:00,92.52554179667005,172.88119033454194,173.0061790216473
2024-07-30 12:00:00+00:00,105.31331665680808,172.87696579388364,173.01998920973665
2024-07-30 18:00:00+00:00,79.98622804691492,172.87602756247247,172.98383107921978
2024-07-31 00:00:00+00:00,66.37140325790016,172.87549353454585,172.96557441436858
2024-07-31 06:00:00+00:00,93.21075948388635,172.8913339791619,173.01711854027963
2024-07-31 12:00:00+00:00,110.26078926904249,172.88127211208933,173.0310725209681
2024-07-31 18:00:00+00:00,90.73705651353592,172.87225743297728,172.9949886798329
