sat_name,inc_family,maneuver_class,n_trans,alt_start_km,alt_end_km,net_da_km,abs_da_mean,abs_da_max,max_di_deg,dv_total_ms,n_large,n_medium
STARLINK-37442,SSO,mixed,12,329.24,334.45,20.791000000000004,10.933633333333333,18.4097,0.01522,75.284,7,2
STARLINK-37213,SSO,raising,12,374.6,425.3,32.051500000000004,10.439491666666667,18.6506,0.01423,70.813,7,2
STARLINK-37460,SSO,phasing,12,334.25,345.23,-0.7215999999999969,10.377833333333333,22.4317,0.01097,71.481,7,2
STARLINK-36718,SSO,phasing,12,470.37,458.93,-16.006099999999996,10.367508333333335,17.7109,0.01209,69.402,7,0
STARLINK-36715,SSO,phasing,12,471.04,454.97,-9.6658,9.940233333333333,18.7069,0.0104,66.531,5,4
STARLINK-36708,SSO,phasing,12,470.9,464.03,-16.454800000000002,9.275333333333334,18.0408,0.01003,62.067,5,3
STARLINK-36389,SSO,mixed,12,454.85,469.88,-1.8034000000000017,9.26885,17.2242,0.01256,62.038,6,1
STARLINK-36687,SSO,phasing,12,471.79,453.82,-13.881999999999998,9.0726,16.6241,0.00995,60.723,5,3
STARLINK-36773,SSO,phasing,12,471.74,471.85,-17.198500000000003,8.836075000000001,17.3166,0.01217,59.113,5,4
STARLINK-36382,SSO,mixed,12,450.78,469.38,1.9309999999999974,8.6195,17.8955,0.01215,57.743,6,0
STARLINK-36792,SSO,phasing,12,467.49,455.17,-5.798099999999997,8.589891666666668,18.3646,0.01205,57.505,5,1
STARLINK-37471,SSO,phasing,12,325.79,348.33,15.9799,8.546891666666667,20.6205,0.00819,58.885999999999996,4,4
STARLINK-34876,SSO,phasing,12,547.87,539.33,-7.349399999999996,8.31555,18.7582,0.00896,54.64,5,3
STARLINK-36705,SSO,phasing,12,453.52,464.39,11.414700000000002,8.311141666666668,16.9004,0.00961,55.682,4,5
STARLINK-37405,SSO,mixed,12,328.25,337.88,20.940199999999997,8.1884,12.94,0.01086,56.364,6,4
STARLINK-36962,53deg,phasing,12,420.01,449.94,41.8429,8.148808333333333,22.4317,0.03786,54.953,3,6
STARLINK-36385,SSO,mixed,12,453.06,465.01,5.623700000000001,8.126875,18.128,0.01042,54.426,4,3
STARLINK-36811,SSO,phasing,12,468.6,453.9,-4.4039,8.038691666666667,17.6033,0.00892,53.824,5,2
STARLINK-37473,SSO,phasing,12,317.64,336.23,20.225699999999996,7.879258333333333,15.4006,0.00824,54.279,6,2
STARLINK-34548,mid-inc,mixed,12,573.42,561.85,3.4007999999999985,7.633216666666667,14.9711,0.02784,49.926,5,2
STARLINK-37446,SSO,phasing,12,317.5,337.94,27.630899999999997,7.516491666666666,15.0644,0.01244,51.763999999999996,4,4
STARLINK-32018,53deg,mixed,12,481.66,470.34,-1.775999999999998,7.49265,11.8527,0.03608,50.018,3,6
STARLINK-11251,53deg,phasing,12,362.68,359.89,-0.8080999999999972,7.423958333333332,11.436,0.03677,50.845,3,7
STARLINK-36832,SSO,mixed,12,322.2,342.57,26.5091,7.386641666666666,15.2522,0.01208,50.874,4,4
STARLINK-36795,SSO,mixed,12,457.06,463.71,12.331199999999997,7.317533333333333,18.0702,0.01212,49.003,4,3
STARLINK-34019,mid-inc,mixed,12,575.55,570.87,1.9529000000000014,7.3005749999999985,15.1632,0.02465,47.735,1,8
STARLINK-32262,53deg,mixed,12,344.9,353.43,-2.6224999999999987,7.2226083333333335,11.1577,0.03702,49.592,4,4
STARLINK-11204,53deg,phasing,12,366.14,354.44,0.20640000000000036,7.1703,12.507,0.04286,49.108000000000004,3,5
STARLINK-11253,53deg,phasing,12,362.99,364.88,-6.579599999999998,7.018366666666666,10.1291,0.03218,48.058,2,7
STARLINK-36354,SSO,mixed,12,458.97,469.3,13.0201,7.000174999999999,15.8037,0.01043,46.883,4,2
STARLINK-37051,53deg,raising,12,408.85,459.34,59.894800000000004,6.972966666666667,15.8916,0.0392,46.992000000000004,3,4
STARLINK-11206,53deg,phasing,12,366.3,355.63,-1.7020999999999997,6.963408333333334,11.8379,0.03707,47.683,3,5
STARLINK-5841,mid-inc,phasing,12,578.34,577.94,-1.1921000000000024,6.911591666666666,14.2725,0.01977,45.202,3,6
STARLINK-37370,SSO,mixed,12,324.6,343.23,11.476399999999998,6.891749999999999,18.7979,0.01094,47.474,4,3
STARLINK-32045,53deg,mixed,12,481.24,469.49,-5.090999999999999,6.7810999999999995,12.2532,0.03824,45.269,3,5
STARLINK-32001,53deg,mixed,12,480.63,469.43,-2.148699999999998,6.778858333333333,11.9393,0.03656,45.252,3,4
STARLINK-31773,53deg,phasing,12,472.25,480.98,5.737100000000002,6.739441666666667,11.7227,0.03528,44.998,2,7
STARLINK-11207,53deg,mixed,12,354.37,360.73,4.587099999999999,6.728491666666668,12.6422,0.04252,46.079,4,3
STARLINK-37366,SSO,mixed,12,317.11,334.6,26.7315,6.679375,16.1811,0.00976,46.044000000000004,2,4
STARLINK-35464,53deg,mixed,12,460.14,468.76,-2.4452999999999996,6.652758333333334,12.411,0.03894,44.522999999999996,3,4
STARLINK-35131,53deg,phasing,12,470.98,481.11,8.317699999999999,6.6420916666666665,11.852,0.04247,44.336,2,5
STARLINK-36739,SSO,mixed,12,463.37,471.91,-3.542100000000003,6.622808333333334,13.937,0.01006,44.336999999999996,4,3
STARLINK-34826,53deg,mixed,12,481.01,469.56,-9.749400000000001,6.559816666666667,11.9073,0.03962,43.788,5,2
STARLINK-32009,53deg,mixed,12,469.46,481.24,6.199199999999998,6.5514,11.5442,0.03812,43.746,4,3
STARLINK-30283,53deg,phasing,11,474.16,476.45,6.401799999999997,6.549,12.1704,0.04147,40.080999999999996,3,3
STARLINK-5846,mid-inc,mixed,12,566.36,564.28,-4.221,6.544133333333332,16.4732,0.02367,42.783,3,2
STARLINK-32189,53deg,mixed,12,480.39,469.65,-0.7708000000000013,6.505016666666666,11.261,0.04154,43.424,2,6
STARLINK-11241,53deg,phasing,12,363.04,356.27,1.841499999999999,6.5047250000000005,12.3436,0.04334,44.549,1,7
STARLINK-37447,SSO,mixed,12,326.57,333.24,18.030399999999997,6.5034333333333345,16.6537,0.01452,44.762,3,3
STARLINK-36782,SSO,mixed,12,458.07,456.62,2.1803000000000017,6.463425,16.1932,0.0111,43.283,4,0
STARLINK-37029,53deg,mixed,12,412.98,420.89,0.27149999999999963,6.435124999999999,12.0863,0.04385,43.504999999999995,2,6
STARLINK-31706,53deg,mixed,12,473.37,481.24,-2.5387000000000004,6.430125,11.8979,0.03809,42.922,4,3
STARLINK-33860,mid-inc,phasing,12,566.32,561.83,6.538400000000003,6.41355,15.1922,0.02551,41.95,4,2
STARLINK-31772,53deg,mixed,12,470.75,481.74,9.683700000000002,6.388058333333333,12.0016,0.0312,42.658,2,5
STARLINK-37162,53deg,mixed,12,446.19,445.59,-12.0947,6.354491666666667,11.5976,0.04105,42.748999999999995,3,4
STARLINK-5526,mid-inc,phasing,12,571.46,564.71,-1.0216000000000003,6.266316666666666,12.5536,0.01715,40.996,1,7
STARLINK-35035,53deg,mixed,12,479.99,470.89,0.685299999999998,6.252175,11.259,0.03278,41.748,1,7
STARLINK-33946,mid-inc,mixed,12,570.28,571.02,-5.170999999999999,6.2091166666666675,13.7758,0.01887,40.607,1,8
STARLINK-35116,53deg,mixed,12,480.91,469.54,-5.013699999999998,6.181341666666667,10.7569,0.03797,41.26,3,5
STARLINK-32035,53deg,mixed,12,470.4,480.44,5.871899999999998,6.171025,10.7632,0.03771,41.214,2,5
STARLINK-37037,53deg,phasing,12,457.02,468.1,7.978199999999999,6.124033333333334,11.1798,0.03664,41.004,2,5
STARLINK-35418,53deg,mixed,12,470.76,481.51,9.700199999999997,6.119466666666667,11.9613,0.03823,40.857,3,4
STARLINK-34088,mid-inc,phasing,12,568.07,566.66,3.2317,6.102641666666667,15.9774,0.01916,39.906,2,4
STARLINK-30303,53deg,mixed,11,481.82,473.0,-11.5143,6.047845454545453,10.3261,0.0311,37.015,2,4
STARLINK-5873,mid-inc,phasing,12,568.41,569.22,6.2997,6.039575,11.5575,0.01663,39.476,2,5
STARLINK-35031,53deg,phasing,11,464.4,456.91,3.9128000000000007,6.03250909090909,11.8656,0.03871,37.019999999999996,2,4
STARLINK-32190,53deg,mixed,12,473.22,475.0,8.3139,5.9664583333333345,10.5754,0.03221,39.836999999999996,1,7
STARLINK-31613,53deg,mixed,12,473.6,470.19,6.643500000000001,5.919391666666667,11.7248,0.03776,39.53,4,3
STARLINK-37042,53deg,phasing,12,445.64,445.04,-6.2391,5.8990583333333335,12.2466,0.04472,39.689,3,4
STARLINK-30916,53deg,mixed,11,459.54,469.25,-0.9654000000000007,5.865745454545455,10.6704,0.03661,35.992,1,5
STARLINK-11444,53deg,phasing,12,362.14,355.78,-0.0887999999999991,5.8416500000000005,9.2026,0.04457,40.016999999999996,0,7
STARLINK-35336,53deg,mixed,12,471.9,481.68,0.8094999999999981,5.833308333333332,11.367,0.0382,38.932,1,6
STARLINK-34760,53deg,phasing,12,476.3,470.4,-3.5776,5.817083333333334,12.3171,0.03999,38.84,3,4
STARLINK-32015,53deg,mixed,12,478.1,470.25,2.7503999999999973,5.770833333333333,11.402,0.04024,38.53,3,2
STARLINK-34515,mid-inc,mixed,12,577.83,563.78,0.6763000000000012,5.755108333333333,15.0948,0.02742,37.629,3,1
STARLINK-32194,53deg,mixed,12,479.87,469.66,-8.538599999999999,5.704999999999999,11.7429,0.04187,38.079,1,6
STARLINK-30913,53deg,mixed,12,457.81,460.49,-0.20640000000000125,5.6383833333333335,11.2174,0.03941,37.749,1,5
STARLINK-32182,53deg,mixed,12,481.06,469.46,-4.147099999999998,5.618075,10.2769,0.03671,37.515,2,4
STARLINK-36702,SSO,mixed,12,459.6,465.51,-2.9083000000000006,5.602325,16.82,0.0094,37.532,1,5
STARLINK-34823,53deg,mixed,12,473.38,478.9,-3.634999999999998,5.599166666666666,9.157,0.0309,37.377,0,6
STARLINK-31954,53deg,mixed,12,477.37,474.77,-6.062099999999999,5.562825,11.2508,0.04044,37.143,3,2
STARLINK-35290,53deg,phasing,12,472.48,475.86,8.202900000000003,5.553875000000001,12.094,0.04386,37.08,2,3
STARLINK-11205,53deg,mixed,12,365.17,353.83,0.8752999999999993,5.520458333333334,12.214,0.04236,37.823,1,7
STARLINK-34030,mid-inc,phasing,12,568.38,567.93,3.201199999999998,5.516183333333334,16.2839,0.01965,36.07,2,2
STARLINK-34800,53deg,phasing,12,474.56,478.64,4.575700000000001,5.499524999999999,10.7694,0.03745,36.717,3,2
STARLINK-35036,53deg,mixed,12,481.79,469.89,-9.6266,5.4684,9.5968,0.03511,36.504,0,7
STARLINK-32191,53deg,phasing,11,469.42,481.87,11.5927,5.4545,10.024,0.0312,33.39,1,6
STARLINK-34046,mid-inc,mixed,12,566.03,564.86,4.173499999999998,5.444641666666667,12.6049,0.02104,35.617,1,6
STARLINK-31740,53deg,mixed,12,476.08,480.49,-6.039099999999999,5.422958333333334,11.1975,0.03491,36.194,2,3
STARLINK-34909,SSO,mixed,12,546.45,549.75,6.8857,5.417691666666667,12.8658,0.01061,35.62,2,4
STARLINK-35129,53deg,phasing,12,469.9,480.38,11.931600000000001,5.347533333333334,10.929,0.03631,35.717,1,5
STARLINK-37066,53deg,mixed,12,420.33,413.46,-0.14449999999999985,5.300708333333334,10.7886,0.03717,35.831,1,5
STARLINK-35301,53deg,mixed,12,478.02,472.55,3.8099,5.285941666666666,10.0879,0.03463,35.299,1,5
STARLINK-30938,53deg,lowering,12,481.67,470.38,-12.3057,5.279958333333333,8.7754,0.02363,35.236,0,8
STARLINK-37163,53deg,mixed,12,434.59,434.67,5.7777,5.263991666666667,11.5412,0.03522,35.42,2,5
STARLINK-35295,53deg,lowering,12,479.93,472.03,-10.480699999999999,5.263208333333334,9.9636,0.03361,35.134,0,6
STARLINK-37026,53deg,mixed,12,469.85,473.91,2.8694999999999995,5.249975000000001,13.0335,0.03304,35.072,1,5
STARLINK-30320,53deg,mixed,12,481.2,469.69,-11.564700000000002,5.231308333333334,10.5478,0.03948,34.919,3,3
STARLINK-30921,53deg,mixed,12,468.42,459.1,-4.725499999999998,5.230358333333332,10.771,0.03457,35.013,2,3
STARLINK-34528,53deg,mixed,12,436.35,437.65,8.768,5.225266666666666,12.0232,0.04303,35.161,2,4
STARLINK-32192,53deg,mixed,12,477.72,470.99,3.4795999999999987,5.224716666666667,10.5583,0.029,34.891999999999996,2,5
STARLINK-34782,53deg,phasing,12,471.92,480.79,6.405999999999999,5.198133333333334,10.7415,0.03653,34.715,1,4
STARLINK-34526,53deg,phasing,12,481.55,480.29,-11.5418,5.172666666666667,10.7801,0.03592,34.522999999999996,2,4
STARLINK-34079,mid-inc,mixed,12,572.72,565.62,-0.9841999999999995,5.167783333333333,10.4838,0.01824,33.815,1,5
STARLINK-30297,53deg,mixed,11,471.62,477.1,9.6996,5.158363636363637,10.5297,0.02835,31.572,1,3
STARLINK-36973,53deg,phasing,12,472.71,469.85,-5.5698000000000025,5.151516666666667,13.3039,0.03636,34.447,2,3
STARLINK-34375,53deg,mixed,12,439.79,436.6,0.7558999999999996,5.148575,11.1785,0.04037,34.635,1,4
STARLINK-34024,mid-inc,phasing,12,571.57,567.7,-7.102700000000002,5.1243583333333325,10.244,0.02115,33.537,1,5
STARLINK-34572,mid-inc,mixed,12,577.04,575.78,1.3006999999999975,5.121325000000001,13.3708,0.01866,33.484,2,4
STARLINK-5038,mid-inc,phasing,12,576.81,575.82,1.357800000000001,5.113583333333334,12.8604,0.02054,33.429,1,3
STARLINK-34559,mid-inc,phasing,12,561.71,565.06,7.048299999999999,5.090075000000001,15.6099,0.02623,33.317,2,2
STARLINK-11237,53deg,mixed,12,353.92,359.99,4.1457999999999995,5.08115,11.7633,0.03858,34.809,2,4
STARLINK-34490,53deg,mixed,12,475.61,480.18,-5.776500000000001,5.059158333333333,10.3497,0.02901,33.768,1,5
STARLINK-36768,SSO,mixed,12,462.69,456.09,-2.3637999999999995,5.053649999999999,12.7229,0.00942,33.834,1,4
STARLINK-34817,53deg,mixed,12,471.28,456.95,-11.712499999999999,5.051975,11.0729,0.0315,33.805,1,6
STARLINK-34496,53deg,phasing,12,443.3,444.67,-3.960099999999999,5.014375,11.3171,0.03594,33.731,1,4
STARLINK-30939,53deg,mixed,12,468.99,467.52,0.18300000000000072,4.993116666666667,10.3847,0.02906,33.424,1,4
STARLINK-30898,53deg,mixed,12,469.04,467.79,-0.09260000000000246,4.9838000000000005,12.2489,0.03475,33.368,1,4
STARLINK-35367,53deg,mixed,12,465.36,469.14,-4.557100000000001,4.981974999999999,11.3337,0.03516,33.351,2,3
STARLINK-30321,53deg,mixed,12,470.75,481.71,9.934199999999999,4.961483333333333,11.6882,0.03691,33.124,2,2
STARLINK-32042,53deg,mixed,12,472.62,474.74,-0.7037000000000004,4.953625000000001,10.5083,0.03804,33.084,1,5
STARLINK-30923,53deg,raising,12,463.57,474.31,6.357000000000002,4.946933333333333,11.3052,0.03693,33.073,2,3
STARLINK-30930,53deg,mixed,12,468.28,463.34,-0.15889999999999915,4.910474999999999,10.5384,0.02903,32.872,1,5
STARLINK-35022,53deg,mixed,12,468.4,472.92,-3.379900000000001,4.898708333333333,10.2991,0.02699,32.741,1,3
STARLINK-31780,53deg,lowering,12,481.02,472.71,-9.961900000000002,4.889208333333333,11.9109,0.03545,32.644,1,6
STARLINK-34801,53deg,mixed,12,469.37,471.51,11.4418,4.870183333333334,10.4759,0.03833,32.519,1,5
STARLINK-35462,53deg,mixed,12,473.84,475.17,-3.5737000000000005,4.862525000000001,11.3187,0.03703,32.469,2,3
STARLINK-34729,53deg,mixed,12,480.46,481.35,-9.8395,4.8547416666666665,10.7266,0.03517,32.4,2,3
STARLINK-34493,53deg,phasing,12,477.46,480.22,-7.6263999999999985,4.79,10.3898,0.02878,31.983,1,6
STARLINK-5522,mid-inc,phasing,12,578.09,578.35,-0.583199999999999,4.77435,14.084,0.02043,31.206,2,2
STARLINK-35008,53deg,mixed,12,474.16,472.52,7.3375,4.764841666666666,10.6339,0.0374,31.817999999999998,2,2
STARLINK-34492,53deg,mixed,12,480.92,481.45,-11.0288,4.743483333333333,11.9791,0.03298,31.658,2,3
STARLINK-37103,53deg,mixed,12,417.07,421.46,-4.1918999999999995,4.732825,10.8462,0.03996,31.99,1,4
STARLINK-35299,53deg,phasing,12,477.0,473.7,4.780599999999998,4.71385,9.1161,0.03002,31.475,0,5
STARLINK-35323,53deg,mixed,12,469.3,481.53,12.086,4.712733333333333,12.4317,0.04453,31.468999999999998,1,5
STARLINK-35402,53deg,mixed,12,475.28,469.78,4.955800000000001,4.68965,12.2399,0.03647,31.323999999999998,3,1
STARLINK-35274,53deg,mixed,12,477.49,473.89,-7.259000000000001,4.683833333333333,10.6843,0.03762,31.262,1,3
STARLINK-32430,53deg,phasing,12,489.66,482.57,-7.219900000000002,4.663091666666667,8.433,0.04504,31.062,0,7
STARLINK-35148,53deg,mixed,12,464.99,471.78,-5.591200000000001,4.660383333333333,12.381,0.03633,31.169,1,4
STARLINK-35453,53deg,lowering,12,478.78,463.41,-19.6565,4.655891666666667,10.3557,0.03404,31.091,1,3
STARLINK-34523,53deg,mixed,12,439.78,438.94,-1.7368999999999981,4.627625,11.6302,0.04179,31.134,2,2
STARLINK-34849,53deg,mixed,12,474.66,474.34,3.5220000000000025,4.616483333333334,10.7108,0.03588,30.827,1,3
STARLINK-34085,mid-inc,mixed,12,577.74,578.06,0.405199999999998,4.60445,16.2215,0.0216,30.113999999999997,1,4
STARLINK-35384,53deg,mixed,12,480.94,470.65,-6.750600000000001,4.60325,10.7704,0.03095,30.734,1,3
STARLINK-31889,53deg,mixed,12,481.52,482.69,4.6754999999999995,4.596308333333334,8.572,0.03916,30.622,0,6
STARLINK-35270,53deg,mixed,12,463.37,457.32,5.1064,4.589200000000001,11.1527,0.03813,30.736,2,2
STARLINK-32259,53deg,mixed,12,477.61,478.16,-8.1224,4.5825000000000005,9.3373,0.02718,30.59,0,5
STARLINK-34688,53deg,mixed,12,475.89,469.27,-10.674100000000001,4.580825,9.6843,0.03167,30.611,0,5
STARLINK-34447,mid-inc,phasing,12,577.3,569.51,-1.4069000000000003,4.579725,11.2118,0.02236,29.932,2,3
STARLINK-35302,53deg,mixed,12,473.74,472.97,7.102299999999998,4.5383249999999995,10.2509,0.03425,30.310000000000002,1,3
STARLINK-31580,53deg,mixed,12,476.07,474.49,5.655300000000001,4.507141666666667,11.596,0.03265,30.1,1,4
STARLINK-30236,53deg,phasing,11,486.58,485.53,-4.081300000000001,4.5001,8.481,0.04225,27.479,0,4
STARLINK-5367,53deg,phasing,12,487.7,481.02,1.8615000000000013,4.486891666666666,8.9068,0.04252,29.897,0,5
STARLINK-30295,53deg,mixed,11,479.28,469.59,-3.766800000000001,4.484290909090909,10.0,0.03216,27.448999999999998,0,5
STARLINK-5529,mid-inc,phasing,12,572.57,572.45,0.07000000000000028,4.477900000000001,10.9573,0.0154,29.277,1,4
STARLINK-34438,53deg,mixed,12,477.34,471.97,2.6298000000000012,4.4687166666666664,10.5948,0.03765,29.825,1,2
STARLINK-37054,53deg,mixed,12,481.66,480.21,-11.964200000000002,4.413633333333333,10.5241,0.0352,29.457,2,3
STARLINK-31903,53deg,mixed,12,486.12,489.29,1.145500000000001,4.389725000000001,8.4999,0.03847,29.25,0,6
STARLINK-34680,53deg,phasing,12,481.05,479.88,-2.3838999999999997,4.3785750000000005,11.7174,0.04109,29.23,2,2
STARLINK-36999,53deg,raising,12,441.01,457.64,24.792000000000005,4.375900000000001,16.6548,0.02934,29.35,1,3
STARLINK-35276,53deg,mixed,12,470.18,478.81,4.018000000000001,4.373616666666666,10.2423,0.03355,29.198,2,1
STARLINK-30313,53deg,mixed,11,471.84,479.67,5.665499999999998,4.370918181818182,9.9043,0.03018,26.752,0,5
STARLINK-37133,53deg,mixed,12,471.33,470.78,9.5996,4.3696166666666665,10.3088,0.02962,29.189,2,2
STARLINK-32040,53deg,mixed,12,470.72,473.26,9.132,4.365333333333333,10.8339,0.03829,29.152,1,3
STARLINK-11246,53deg,phasing,12,363.27,354.03,1.8262,4.359883333333333,11.0656,0.03134,29.860999999999997,1,4
STARLINK-31416,53deg,mixed,12,487.53,489.31,-5.2099,4.354725000000001,8.8215,0.04553,29.003999999999998,0,6
STARLINK-30201,53deg,mixed,11,480.82,488.53,8.804700000000002,4.344463636363637,8.7839,0.04188,26.537,0,5
STARLINK-30934,53deg,mixed,12,458.07,459.07,-1.1707999999999998,4.3107500000000005,9.9084,0.03486,28.855,0,2
STARLINK-37063,53deg,mixed,12,467.72,469.73,4.7569,4.300208333333333,11.6222,0.04089,28.715,3,1
STARLINK-35196,53deg,mixed,12,481.27,469.44,-11.113,4.290083333333333,10.1328,0.03173,28.634999999999998,2,2
STARLINK-30805,53deg,mixed,12,489.55,480.49,-8.4516,4.289283333333333,8.9834,0.04062,28.573,0,4
STARLINK-34830,53deg,mixed,12,474.59,479.7,-4.4504,4.243233333333333,10.7674,0.03042,28.329,1,3
STARLINK-31696,53deg,mixed,12,473.95,473.44,2.4145999999999974,4.2341500000000005,11.5803,0.03414,28.279,1,3
STARLINK-37023,53deg,lowering,12,481.12,473.42,-21.2092,4.226983333333333,13.5139,0.03239,28.222,1,2
STARLINK-32787,53deg,lowering,12,480.9,476.11,-8.598399999999998,4.224516666666667,10.8669,0.0303,28.205000000000002,1,3
STARLINK-31501,53deg,mixed,12,480.6,480.69,5.887600000000001,4.222533333333334,8.5172,0.04088,28.139000000000003,0,6
STARLINK-31741,53deg,mixed,12,489.1,488.15,-7.8932,4.1673833333333326,7.4398,0.0388,27.764,0,4
STARLINK-37036,53deg,mixed,12,421.23,415.87,3.7568,4.15635,10.2554,0.02789,28.104,1,4
STARLINK-34393,53deg,mixed,12,476.33,481.57,-6.999400000000001,4.1464,12.2405,0.04075,27.675,1,2
STARLINK-37028,53deg,mixed,12,479.03,472.67,-8.0541,4.142708333333333,8.424,0.02616,27.663,0,4
STARLINK-31593,53deg,phasing,11,487.36,481.12,1.5585000000000004,4.141318181818182,7.8027,0.03428,25.292,0,3
STARLINK-34518,53deg,mixed,12,479.12,481.06,-7.282899999999999,4.132975000000001,9.6441,0.02483,27.592,0,3
STARLINK-34797,53deg,mixed,12,469.39,470.08,10.7798,4.1214666666666675,10.0884,0.03066,27.533,1,2
STARLINK-30235,53deg,mixed,11,488.88,483.77,-6.7654,4.089981818181818,8.0295,0.03928,24.973,0,4
STARLINK-35321,53deg,mixed,12,481.08,469.64,-9.257300000000003,4.085958333333333,10.4907,0.0381,27.283,1,3
STARLINK-31555,53deg,mixed,12,484.29,486.91,4.1812999999999985,4.051241666666667,8.7192,0.04351,26.989,0,5
STARLINK-32886,53deg,mixed,12,479.89,480.38,-10.101300000000002,4.014491666666667,10.5904,0.03668,26.796,1,4
STARLINK-32883,53deg,mixed,12,478.92,479.53,-3.0301,3.9959749999999996,9.4234,0.02893,26.673000000000002,0,4
STARLINK-32448,53deg,mixed,12,485.91,481.1,2.1057000000000006,3.9886250000000003,7.5757,0.03579,26.583,0,5
STARLINK-35231,53deg,mixed,12,473.82,475.22,-0.10029999999999961,3.9649750000000004,9.6087,0.03569,26.471,0,4
STARLINK-34574,mid-inc,phasing,12,578.42,565.42,-15.795,3.944233333333333,14.4233,0.01879,25.778,1,1
STARLINK-32848,53deg,mixed,12,474.8,473.08,-6.748699999999998,3.9381916666666665,11.8881,0.03843,26.309,1,2
STARLINK-35445,53deg,mixed,12,476.46,472.02,-0.853499999999999,3.915208333333334,11.293,0.04001,26.141000000000002,1,1
STARLINK-35364,53deg,lowering,12,479.5,456.96,-14.743099999999998,3.896641666666667,7.8938,0.03845,26.06,0,5
STARLINK-32199,53deg,mixed,12,470.93,475.33,10.701999999999998,3.8928,10.2227,0.03058,26.0,1,3
STARLINK-30837,53deg,mixed,12,480.67,485.03,7.7656,3.8779,6.5247,0.03269,25.844,0,5
STARLINK-35298,53deg,mixed,12,481.5,470.02,-4.8598,3.8753333333333333,11.2929,0.02965,25.865,1,3
STARLINK-34405,mid-inc,mixed,12,561.8,571.69,0.4300999999999995,3.860341666666667,9.4605,0.01686,25.269,0,3
STARLINK-31922,53deg,mixed,12,482.2,483.95,6.1483,3.8603083333333337,7.8353,0.03295,25.718,0,3
STARLINK-32664,53deg,phasing,12,435.67,426.07,-3.7301,3.853291666666667,8.1521,0.03806,25.982,0,5
STARLINK-34848,SSO,mixed,12,537.82,555.69,15.9867,3.8505583333333337,8.2912,0.00751,25.302999999999997,0,4
STARLINK-6096,53deg,mixed,12,482.74,489.51,-1.2614,3.838366666666667,8.0337,0.03581,25.564,0,5
STARLINK-30273,53deg,mixed,11,470.91,476.64,0.4985999999999997,3.8326909090909096,10.1963,0.03025,23.47,1,3
STARLINK-34546,mid-inc,mixed,12,573.96,573.06,4.3081999999999985,3.826483333333334,10.6475,0.01313,25.002,1,3
STARLINK-6076,53deg,mixed,12,485.73,488.96,6.0505,3.8176416666666655,8.7792,0.04717,25.409,0,3
STARLINK-31413,53deg,mixed,12,480.63,485.1,8.189099999999998,3.8072083333333335,8.7667,0.0412,25.367,0,4
STARLINK-30952,53deg,phasing,12,480.74,485.16,8.526600000000002,3.7962500000000006,6.0768,0.03275,25.3,0,4
STARLINK-30906,53deg,mixed,12,480.93,487.13,5.184900000000001,3.7803750000000007,8.5262,0.04077,25.188,0,4
STARLINK-31723,53deg,mixed,12,489.17,480.38,-3.206999999999999,3.774433333333333,8.9819,0.04257,25.146,0,5
STARLINK-31750,53deg,mixed,12,489.61,482.18,-8.7498,3.767633333333334,8.865,0.04511,25.096,0,4
STARLINK-31622,53deg,mixed,12,480.57,480.57,5.967400000000001,3.7249,8.7164,0.03807,24.818,0,4
STARLINK-30813,53deg,mixed,12,481.39,489.18,1.1638999999999982,3.723925000000001,6.8449,0.0342,24.810000000000002,0,4
STARLINK-31906,53deg,mixed,12,486.86,483.27,-1.2731,3.716958333333334,8.7019,0.03439,24.768,0,3
STARLINK-31561,53deg,mixed,12,489.37,487.55,-4.817,3.694933333333333,8.2789,0.03776,24.613,0,5
STARLINK-34860,53deg,mixed,12,473.77,478.51,6.935600000000001,3.6870166666666666,9.4519,0.0284,24.621,0,3
STARLINK-6095,53deg,mixed,12,487.87,488.39,-2.7910999999999997,3.6319416666666666,7.5765,0.0348,24.195,0,5
STARLINK-32675,53deg,phasing,12,481.55,480.95,7.2075,3.623041666666667,7.8061,0.03387,24.149,0,2
STARLINK-32655,53deg,mixed,11,486.97,489.48,-6.1095000000000015,3.615172727272727,8.7459,0.04551,22.069,0,3
STARLINK-30835,53deg,mixed,12,483.05,484.56,4.5275,3.6090083333333336,6.526,0.03191,24.051,0,3
STARLINK-37156,53deg,mixed,12,477.46,473.23,-6.2277,3.600308333333333,9.1187,0.02717,24.032,0,3
STARLINK-6062,53deg,mixed,12,486.65,491.19,-0.0990000000000002,3.5579500000000004,7.7576,0.03048,23.682000000000002,0,4
STARLINK-6030,53deg,mixed,12,481.73,483.71,7.5742,3.5333333333333337,7.0842,0.03359,23.542,0,3
STARLINK-35308,53deg,raising,12,471.21,479.6,10.1985,3.518791666666667,12.2429,0.03767,23.493,1,2
STARLINK-31631,53deg,mixed,12,483.02,486.6,6.0581000000000005,3.513591666666667,8.7813,0.03483,23.411,0,4
STARLINK-32660,53deg,mixed,12,485.88,487.38,-1.6017999999999983,3.4954666666666676,8.7786,0.03723,23.29,0,3
STARLINK-30882,53deg,phasing,12,462.93,456.93,-4.9674999999999985,3.4950750000000004,8.3183,0.02969,23.382,0,2
STARLINK-30846,53deg,mixed,12,484.64,480.65,3.5306,3.4852666666666665,7.5265,0.03879,23.23,0,3
STARLINK-34008,mid-inc,phasing,12,564.58,562.0,-0.7222999999999993,3.479691666666667,7.7527,0.01744,22.785999999999998,0,4
STARLINK-6083,53deg,mixed,12,480.55,487.91,8.915099999999999,3.476808333333334,7.9968,0.04585,23.171,0,4
STARLINK-31557,53deg,mixed,12,480.61,481.18,2.7633,3.431925,7.2533,0.03252,22.872,0,3
STARLINK-30794,53deg,phasing,12,489.4,483.12,-7.5502,3.422833333333333,8.5367,0.03339,22.799,0,5
STARLINK-5541,mid-inc,mixed,12,578.36,576.76,0.10000000000000142,3.405366666666667,16.5134,0.01937,22.273,2,0
STARLINK-31895,53deg,mixed,12,487.54,486.81,-3.7795,3.404825,7.7378,0.03055,22.684,0,3
STARLINK-31176,53deg,lowering,12,487.54,480.98,-6.607199999999999,3.402183333333333,7.8592,0.03704,22.666,0,3
STARLINK-31718,53deg,raising,12,481.23,489.3,8.2044,3.3854166666666665,8.1971,0.0384,22.553,0,4
STARLINK-37065,53deg,mixed,12,457.96,468.74,10.925500000000001,3.3825750000000006,9.9044,0.03036,22.652,0,3
STARLINK-31101,53deg,phasing,12,484.27,482.6,5.248,3.37595,7.9047,0.03569,22.498,0,4
STARLINK-31852,53deg,mixed,12,480.45,486.36,7.4097,3.3694916666666668,7.9123,0.02934,22.449,0,4
STARLINK-34474,53deg,mixed,12,481.71,477.28,-12.3794,3.3533500000000003,10.5767,0.02768,22.384,1,2
STARLINK-31859,53deg,mixed,12,480.67,488.85,8.8553,3.352208333333333,8.5132,0.03093,22.341,0,5
STARLINK-30864,53deg,mixed,12,482.15,480.98,5.737799999999998,3.3234,6.9082,0.03117,22.143,0,3
STARLINK-35262,53deg,mixed,12,473.5,473.96,-2.8577000000000004,3.312858333333334,6.412,0.01919,22.114,0,3
STARLINK-32013,53deg,lowering,12,476.22,470.84,-6.915900000000001,3.2898083333333332,6.4907,0.02679,21.97,0,2
STARLINK-31851,53deg,mixed,12,488.32,483.59,-7.666700000000001,3.289591666666667,7.4008,0.04097,21.916,0,3
STARLINK-31724,53deg,lowering,12,489.83,484.05,-8.3524,3.2756666666666674,7.3768,0.03808,21.824,0,3
STARLINK-32667,53deg,mixed,12,484.96,480.93,4.475200000000001,3.2726333333333337,8.5029,0.03735,21.807000000000002,0,3
STARLINK-30818,53deg,mixed,12,487.1,489.33,-2.2542999999999993,3.2702249999999995,7.4327,0.03479,21.785,0,3
STARLINK-31699,53deg,mixed,12,482.25,482.53,7.425499999999999,3.254008333333333,7.5099,0.02669,21.681,0,4
STARLINK-30233,53deg,phasing,11,485.13,489.15,-3.2999,3.2419545454545458,7.32,0.03334,19.796999999999997,0,1
STARLINK-31157,53deg,mixed,12,488.67,487.77,-7.744,3.1729833333333333,6.842,0.03298,21.136,0,4
STARLINK-32710,53deg,mixed,12,485.09,489.2,-4.315999999999999,3.16085,8.4249,0.03943,21.055,0,2
STARLINK-31148,53deg,mixed,12,487.88,487.12,-3.8955,3.1477249999999994,7.5841,0.03605,20.969,0,2
STARLINK-30838,53deg,mixed,12,488.38,489.37,-5.6523,3.1474083333333334,7.3367,0.03596,20.966,0,4
STARLINK-31156,53deg,raising,12,480.65,488.28,8.8843,3.1320750000000004,8.2658,0.03475,20.871,0,3
STARLINK-32742,53deg,mixed,12,483.0,485.62,0.6399000000000004,3.0997749999999997,8.2927,0.0404,20.656,0,3
STARLINK-31700,53deg,mixed,12,471.69,479.59,7.284700000000001,3.0891416666666665,8.6914,0.02397,20.634,0,3
STARLINK-32747,53deg,mixed,12,483.61,485.27,1.7736999999999998,3.0655750000000004,6.9096,0.03854,20.426,0,2
STARLINK-31422,53deg,lowering,12,487.53,484.48,-6.132099999999999,3.0602416666666667,9.0075,0.03731,20.392,0,2
STARLINK-31552,53deg,mixed,12,487.74,484.77,-6.472899999999999,3.052591666666667,7.9694,0.04289,20.337,0,2
STARLINK-30851,53deg,phasing,12,489.48,488.23,-8.969,3.0277833333333333,7.7242,0.03407,20.163,0,3
STARLINK-31857,53deg,mixed,12,484.05,483.18,5.557600000000001,3.0201499999999997,6.4248,0.02747,20.12,0,1
STARLINK-31730,53deg,mixed,12,482.99,481.12,0.20179999999999998,3.0126499999999994,8.4329,0.03851,20.073,0,3
STARLINK-31625,53deg,mixed,12,487.07,486.73,1.331599999999999,2.9097166666666663,8.1128,0.03656,19.381,0,2
STARLINK-32783,53deg,lowering,12,487.32,485.42,-6.504800000000001,2.8951166666666666,8.8603,0.03624,19.289,0,2
STARLINK-32671,53deg,mixed,12,482.57,480.67,6.3870000000000005,2.842633333333333,8.8865,0.0382,18.947000000000003,0,3
STARLINK-32665,53deg,mixed,12,480.58,481.42,8.367899999999999,2.835808333333333,8.7391,0.04277,18.899,0,3
STARLINK-32767,53deg,mixed,12,480.8,481.97,2.4408,2.8289166666666667,8.8447,0.03259,18.854,0,2
STARLINK-35236,53deg,mixed,12,475.41,481.6,5.591800000000001,2.819716666666667,7.6525,0.02344,18.826,0,2
STARLINK-32784,53deg,lowering,12,450.05,447.88,-9.9695,2.7986416666666667,7.8013,0.03623,18.806,0,3
STARLINK-32647,53deg,mixed,12,487.71,481.71,-2.3751000000000015,2.7783916666666664,8.0018,0.03119,18.512999999999998,0,1
STARLINK-31042,53deg,mixed,12,483.45,482.09,1.5596999999999994,2.7694083333333332,7.1693,0.03288,18.45,0,2
STARLINK-30844,53deg,lowering,12,489.4,481.0,-8.4968,2.727116666666667,7.284,0.03159,18.163,0,2
STARLINK-30964,53deg,mixed,12,482.57,487.64,0.4135,2.7135083333333334,6.702,0.02917,18.076,0,1
STARLINK-32778,53deg,mixed,12,489.24,488.74,-3.1552,2.6569499999999997,7.4202,0.03999,17.698,0,4
STARLINK-31559,53deg,mixed,12,484.52,484.85,-2.9722000000000017,2.6559833333333334,7.3344,0.0262,17.698,0,1
STARLINK-6075,53deg,raising,12,481.27,486.47,8.0645,2.5969416666666665,5.9677,0.02647,17.302,0,1
STARLINK-31319,53deg,mixed,12,482.78,482.95,2.7679,2.5927416666666665,7.1712,0.03433,17.279,0,2
STARLINK-6066,53deg,mixed,12,490.93,491.79,-4.614099999999999,2.5737583333333336,6.7283,0.0318,17.133,0,2
STARLINK-30881,53deg,mixed,12,484.24,480.88,1.6604999999999999,2.5429416666666667,5.532,0.02289,16.947,0,2
STARLINK-32769,53deg,lowering,12,486.35,481.56,-5.6549,2.527475,6.2479,0.03561,16.838,0,3
STARLINK-31164,53deg,mixed,12,489.5,480.93,-8.841000000000001,2.4808,6.7456,0.03054,16.523,0,3
STARLINK-30925,53deg,mixed,12,484.11,485.84,4.408900000000001,2.2853083333333335,4.7267,0.02443,15.23,0,0
STARLINK-6081,53deg,mixed,12,481.5,480.96,2.0050000000000003,2.2540999999999998,4.6744,0.02802,15.02,0,0
