norad_id,sma_mean_km,alt_mean_km,sma_net_30d_km,sma_slope_km_day,sma_std_30d_km,sma_resid_std_km,sma_range_30d_km,inc_std_30d_deg,raan_res_30d_deg,ecc_mean,n_tle_30d,maneuver_class,alt_shell,inc_shell,i_deg_mean,alt_start_km,alt_end_km,net_da_km,abs_da_mean,abs_da_max,dv_total_ms
55501,6862.79,484.65,-2.509,-0.07792,1.1227,0.786,2.557,0.00127,359.8646,0.000125,67,phasing,operational,43deg,43.059,487.7,481.02,1.8615000000000013,4.486891666666666,8.9068,29.897
56100,6866.19,488.05,0.01,-0.00031,0.0267,0.0265,0.145,0.00119,359.8844,0.000188,50,mixed,operational,43deg,42.941,485.73,488.96,6.0505,3.8176416666666655,8.7792,25.409
56101,6862.13,483.99,-2.481,-0.09829,1.1819,0.5582,2.582,0.00166,359.8666,0.00013,66,mixed,operational,43deg,42.94,487.87,488.39,-2.7911,3.631941666666666,7.5765,24.195
56102,6861.44,483.31,-2.577,-0.0433,0.7397,0.5666,2.835,0.0013,359.8756,0.000135,66,raising,operational,43deg,42.937,481.27,486.47,8.0645,2.5969416666666665,5.9677,17.302
56103,6862.97,484.83,-2.539,-0.06115,1.1134,0.8421,2.674,0.00188,359.8563,0.000125,70,mixed,operational,43deg,42.94,482.74,489.51,-1.2614,3.838366666666667,8.0337,25.564
56104,6863.54,485.4,-1.261,0.0101,0.6681,0.6597,5.016,0.00083,359.8765,0.000147,65,mixed,operational,43deg,42.945,486.65,491.19,-0.0990000000000002,3.5579500000000004,7.7576,23.682
56105,6865.0,486.87,0.077,0.10237,4.1862,4.0464,17.369,0.00344,359.7902,0.000259,66,mixed,operational,43deg,42.949,490.93,491.79,-4.614099999999999,2.5737583333333336,6.7283,17.133
56107,6861.29,483.15,-2.706,-0.01136,0.3803,0.3558,2.738,0.00091,359.8707,0.000165,78,mixed,operational,43deg,42.938,481.73,483.71,7.5742,3.5333333333333337,7.0842,23.542
56108,6862.11,483.97,-5.052,-0.13285,1.8589,1.0419,5.221,0.00171,359.8845,0.000178,73,mixed,operational,43deg,42.933,481.5,480.96,2.0050000000000003,2.2541,4.6744,15.02
56109,6861.72,483.58,-2.586,-0.06506,0.9581,0.5758,2.654,0.00224,359.8747,0.000146,67,mixed,operational,43deg,42.941,480.55,487.91,8.915099999999999,3.476808333333334,7.9968,23.171
56472,6950.19,572.06,0.004,0.00014,0.0239,0.0238,0.18,0.00044,0.059,0.000259,77,phasing,high-shell,70deg-B,69.964,576.81,575.82,1.357800000000001,5.113583333333334,12.8604,33.429
56475,6950.18,572.05,0.054,0.00038,0.0294,0.0291,0.16,0.00088,0.0586,0.000294,75,mixed,high-shell,70deg-B,69.967,578.36,576.76,0.1000000000000014,3.405366666666667,16.5134,22.273
56490,6950.19,572.05,0.006,0.00039,0.0238,0.0234,0.118,0.00089,0.0572,0.00026,83,phasing,high-shell,70deg-B,69.918,568.41,569.22,6.2997,6.039575,11.5575,39.476
56492,6950.12,571.99,-0.024,0.00728,0.4409,0.4336,2.928,0.00107,0.0559,0.000267,81,mixed,high-shell,70deg-B,69.916,566.36,564.28,-4.221,6.544133333333332,16.4732,42.783
56493,6950.19,572.05,-0.011,0.00021,0.0102,0.01,0.06,0.00124,0.0565,0.000279,81,phasing,high-shell,70deg-B,69.878,578.34,577.94,-1.1921000000000024,6.911591666666666,14.2725,45.202
56495,6950.19,572.06,0.054,0.00032,0.0184,0.0181,0.165,0.00086,0.0595,0.000263,88,phasing,high-shell,70deg-B,69.914,572.57,572.45,0.0700000000000002,4.477900000000001,10.9573,29.277
56496,6950.19,572.06,-0.025,-0.00012,0.0525,0.0525,0.519,0.00087,0.057,0.000287,84,phasing,high-shell,70deg-B,69.909,571.46,564.71,-1.0216000000000005,6.266316666666666,12.5536,40.996
56498,6950.19,572.06,-0.005,2e-05,0.0093,0.0093,0.048,0.00082,0.0582,0.000275,77,phasing,high-shell,70deg-B,69.92,578.09,578.35,-0.583199999999999,4.77435,14.084,31.206
57294,6861.37,483.23,-2.552,-0.03418,0.6029,0.4739,2.758,0.00221,359.8612,0.000113,62,mixed,operational,43deg,42.856,488.88,483.77,-6.7654,4.089981818181818,8.0295,24.973
57300,6861.19,483.06,0.005,-0.00028,0.0388,0.0387,0.189,0.00324,359.8717,0.000128,57,phasing,operational,43deg,42.863,486.58,485.53,-4.081300000000001,4.5001,8.481,27.479
57301,6861.98,483.84,-2.525,-0.10309,1.3215,0.6597,6.221,0.00269,359.8658,0.000156,63,mixed,operational,43deg,42.852,480.82,488.53,8.804700000000002,4.344463636363637,8.7839,26.537
57302,6861.51,483.37,-2.423,-0.04999,0.8314,0.5986,2.583,0.00299,359.8599,0.000167,56,phasing,operational,43deg,42.859,485.13,489.15,-3.2999,3.2419545454545458,7.32,19.797
57676,6853.37,475.23,-0.012,0.00044,0.0209,0.0203,0.113,0.00152,0.0233,0.00013,62,mixed,operational,53deg,53.045,471.84,479.67,5.665499999999998,4.370918181818182,9.9043,26.752
57677,6853.38,475.24,-0.016,0.00064,0.0336,0.0328,0.198,0.00059,0.0238,0.000119,65,mixed,operational,53deg,53.04,481.82,473.0,-11.5143,6.047845454545453,10.3261,37.015
57678,6853.37,475.24,-0.003,-0.00033,0.0278,0.0276,0.163,0.00094,0.023,0.000126,71,mixed,operational,53deg,53.022,481.2,469.69,-11.564700000000002,5.231308333333334,10.5478,34.919
57679,6853.35,475.21,0.014,-0.0003,0.385,0.385,3.864,0.00081,0.025,0.000122,68,mixed,operational,53deg,53.043,470.75,481.71,9.9342,4.961483333333333,11.6882,33.124
57680,6853.38,475.24,-0.034,-0.0003,0.0424,0.0423,0.232,0.00094,0.0241,0.000129,70,phasing,operational,53deg,53.038,474.16,476.45,6.401799999999997,6.549,12.1704,40.081
57681,6852.36,474.22,-4.486,-0.09841,1.7772,1.4196,4.6,0.0011,0.0206,0.000118,67,mixed,operational,53deg,53.046,470.91,476.64,0.4985999999999997,3.8326909090909096,10.1963,23.47
57682,6853.38,475.24,0.039,0.00057,0.0344,0.0338,0.242,0.00071,0.02,0.000117,76,mixed,operational,53deg,53.043,471.62,477.1,9.6996,5.158363636363637,10.5297,31.572
57683,6853.38,475.24,-0.009,6e-05,0.0264,0.0264,0.123,0.00061,0.0222,0.00012,58,mixed,operational,53deg,53.037,479.28,469.59,-3.766800000000001,4.484290909090909,10.0,27.449
58210,6861.2,483.07,0.029,-0.00029,0.0363,0.0361,0.165,0.00166,359.8796,0.000121,62,mixed,operational,43deg,42.867,484.64,480.65,3.5306,3.4852666666666665,7.5265,23.23
58211,6861.18,483.04,-0.197,-0.00036,0.0558,0.0557,0.307,0.00351,359.8716,0.000155,61,mixed,operational,43deg,42.882,488.38,489.37,-5.6523,3.1474083333333334,7.3367,20.966
58212,6861.19,483.05,0.049,0.00047,0.0374,0.037,0.217,0.00188,359.8834,0.000139,57,mixed,operational,43deg,42.871,480.67,485.03,7.7656,3.8779,6.5247,25.844
58213,6861.54,483.4,-2.406,-0.0553,0.8484,0.5602,2.771,0.0031,359.8651,0.000159,64,mixed,operational,43deg,42.872,481.39,489.18,1.1638999999999982,3.723925000000001,6.8449,24.81
58214,6861.19,483.06,-0.003,0.0002,0.027,0.0269,0.132,0.00291,359.8781,0.00016,67,mixed,operational,43deg,42.881,489.55,480.49,-8.4516,4.289283333333333,8.9834,28.573
58215,6861.2,483.06,-0.007,0.00014,0.0285,0.0285,0.153,0.00322,359.8652,0.000107,65,phasing,operational,43deg,42.885,489.48,488.23,-8.969,3.0277833333333333,7.7242,20.163
58217,6861.77,483.64,-2.478,-0.09522,1.0396,0.4446,2.667,0.00234,359.8709,0.000156,72,mixed,operational,43deg,42.878,487.1,489.33,-2.2542999999999997,3.2702249999999995,7.4327,21.785
58218,6862.15,484.01,-2.412,-0.09537,1.2003,0.5882,2.947,0.003,359.8695,0.00016,70,phasing,operational,43deg,42.881,489.4,483.12,-7.5502,3.422833333333333,8.5367,22.799
58219,6861.63,483.49,-2.336,-0.08495,0.9758,0.432,2.567,0.00227,359.8883,0.000126,62,mixed,operational,43deg,42.87,483.05,484.56,4.5275,3.6090083333333336,6.526,24.051
58243,6861.19,483.06,0.048,0.0007,0.0291,0.0283,0.179,0.00233,359.8746,0.000105,60,mixed,operational,43deg,42.925,482.15,480.98,5.737799999999998,3.3234,6.9082,22.143
58251,6861.19,483.05,0.037,0.00014,0.0399,0.0398,0.241,0.00233,359.8754,0.000126,63,mixed,operational,43deg,42.924,484.24,480.88,1.6605,2.5429416666666667,5.532,16.947
58379,6849.67,471.53,-11.557,-0.34325,4.8915,3.6256,11.671,0.00119,0.0201,0.00014,68,phasing,raising,53deg,53.31,462.93,456.93,-4.967499999999999,3.4950750000000004,8.3183,23.382
58381,6851.09,472.95,-7.344,-0.19923,3.1247,2.4286,7.448,0.00107,0.0221,0.000148,73,raising,operational,53deg,53.3,463.57,474.31,6.357000000000002,4.946933333333333,11.3052,33.073
58383,6845.87,467.73,-12.479,-0.4908,5.9284,3.5538,12.624,0.00116,0.0272,0.000125,69,mixed,operational,53deg,53.307,468.42,459.1,-4.725499999999998,5.230358333333332,10.771,35.013
58385,6847.46,469.32,-12.474,-0.47192,6.1267,3.9572,12.894,0.00085,0.0244,0.000134,75,mixed,operational,53deg,53.302,468.28,463.34,-0.1588999999999991,4.910474999999999,10.5384,32.872
58387,6846.02,467.89,-12.482,-0.50066,5.9416,3.2612,12.574,0.00111,0.021,0.000136,78,mixed,operational,53deg,53.3,469.04,467.79,-0.0926000000000024,4.9838000000000005,12.2489,33.368
58388,6846.21,468.08,-12.507,-0.50733,6.1284,3.5758,17.442,0.00119,0.0349,0.000137,79,mixed,raising,53deg,53.304,457.81,460.49,-0.2064000000000012,5.6383833333333335,11.2174,37.749
58389,6853.38,475.24,-0.039,0.00057,0.0281,0.0274,0.173,0.00079,0.0274,0.000115,72,lowering,operational,53deg,53.305,481.67,470.38,-12.3057,5.279958333333333,8.7754,35.236
58391,6846.68,468.54,-12.494,-0.46997,5.4769,2.8463,12.576,0.00088,0.0232,0.000125,73,mixed,operational,53deg,53.3,459.54,469.25,-0.9654000000000008,5.865745454545455,10.6704,35.992
58393,6844.83,466.7,-12.5,-0.48921,5.6192,2.7937,12.743,0.00126,0.0232,0.000124,66,mixed,operational,53deg,53.303,468.99,467.52,0.1830000000000007,4.993116666666667,10.3847,33.424
58395,6846.31,468.18,-12.443,-0.4599,5.4018,2.7352,12.642,0.00105,0.0231,0.000114,74,mixed,raising,53deg,53.308,458.07,459.07,-1.1707999999999998,4.3107500000000005,9.9084,28.855
58402,6861.18,483.05,-0.02,0.00073,0.0431,0.0424,0.241,0.00186,359.8818,0.000153,62,mixed,operational,43deg,43.151,482.57,487.64,0.4135,2.7135083333333334,6.702,18.076
58403,6861.19,483.05,0.055,0.00094,0.0395,0.0383,0.201,0.00164,359.8831,0.000143,64,lowering,operational,43deg,43.152,489.4,481.0,-8.4968,2.727116666666667,7.284,18.163
58405,6861.2,483.06,-0.004,-0.00041,0.0507,0.0505,0.355,0.00128,359.8819,0.000128,60,phasing,operational,43deg,43.144,480.74,485.16,8.526600000000002,3.796250000000001,6.0768,25.3
58406,6861.19,483.05,-0.069,-0.00024,0.0385,0.0384,0.159,0.00168,359.8874,0.000138,65,mixed,operational,43deg,43.142,484.11,485.84,4.408900000000001,2.285308333333333,4.7267,15.23
58408,6862.99,484.85,-2.498,-0.07143,1.0947,0.8567,2.616,0.00135,359.8759,0.00016,77,mixed,operational,43deg,43.145,480.93,487.13,5.184900000000001,3.7803750000000007,8.5262,25.188
58733,6861.19,483.05,-0.026,0.00061,0.0326,0.0319,0.126,0.00193,359.8719,0.000187,53,mixed,operational,43deg,42.867,489.5,480.93,-8.841000000000001,2.4808,6.7456,16.523
58735,6861.17,483.03,-0.043,0.00034,0.0818,0.0817,0.639,0.00213,359.8814,0.000164,59,mixed,operational,43deg,42.864,488.67,487.77,-7.744,3.1729833333333333,6.842,21.136
58737,6861.2,483.06,-0.008,0.00074,0.0484,0.0477,0.277,0.00197,359.8791,0.000161,60,phasing,operational,43deg,42.854,484.27,482.6,5.248,3.37595,7.9047,22.498
58739,6861.2,483.06,0.007,-0.00033,0.0698,0.0697,0.428,0.00144,359.8733,0.000129,64,mixed,operational,43deg,42.853,483.45,482.09,1.5596999999999994,2.769408333333333,7.1693,18.45
58741,6861.24,483.1,0.06,-0.00628,0.3072,0.2989,2.374,0.00233,359.8722,0.000145,54,mixed,operational,43deg,42.866,487.88,487.12,-3.8955,3.1477249999999994,7.5841,20.969
58743,6862.26,484.12,-2.426,-0.0953,1.2017,0.5641,2.645,0.00142,359.8722,0.00014,59,raising,operational,43deg,42.851,480.65,488.28,8.8843,3.1320750000000004,8.2658,20.871
58745,6861.17,483.04,0.111,0.00013,0.0559,0.0559,0.303,0.00226,359.8778,0.000128,62,lowering,operational,43deg,42.855,487.54,480.98,-6.607199999999999,3.402183333333333,7.8592,22.666
59350,6861.2,483.06,0.004,1e-05,0.0331,0.0331,0.254,0.00148,359.8805,0.000101,54,phasing,operational,43deg,42.883,487.36,481.12,1.5585000000000004,4.141318181818182,7.8027,25.292
59351,6861.2,483.06,-0.03,-6e-05,0.045,0.045,0.307,0.00299,359.8725,0.000136,54,mixed,operational,43deg,42.882,484.29,486.91,4.181299999999999,4.051241666666667,8.7192,26.989
59352,6861.2,483.06,-0.041,-0.00036,0.0442,0.044,0.284,0.00153,359.8773,0.000103,55,mixed,operational,43deg,42.886,489.37,487.55,-4.817,3.694933333333333,8.2789,24.613
59353,6861.19,483.05,0.02,0.00036,0.0368,0.0366,0.255,0.00167,359.8764,0.000114,65,mixed,operational,43deg,42.877,480.63,485.1,8.189099999999998,3.8072083333333335,8.7667,25.367
59354,6861.2,483.06,0.073,0.00045,0.0425,0.0422,0.295,0.00129,359.8757,0.00011,56,lowering,operational,43deg,42.88,487.53,484.48,-6.132099999999999,3.0602416666666667,9.0075,20.392
59355,6861.2,483.06,0.033,0.00082,0.0254,0.0239,0.158,0.00272,359.8728,0.00011,59,mixed,operational,43deg,42.885,487.53,489.31,-5.2099,4.354725000000001,8.8215,29.004
59356,6861.19,483.06,0.007,-0.00035,0.0358,0.0356,0.207,0.0018,359.8793,0.000128,59,mixed,operational,43deg,42.884,487.74,484.77,-6.472899999999999,3.052591666666667,7.9694,20.337
59357,6861.19,483.05,0.028,0.00216,0.0672,0.0625,0.5,0.00127,359.8775,0.000121,64,mixed,operational,43deg,42.87,480.61,481.18,2.7633,3.431925,7.2533,22.872
59358,6861.19,483.06,0.09,0.00055,0.0413,0.041,0.25,0.00237,359.8766,0.00012,64,mixed,operational,43deg,42.882,484.52,484.85,-2.9722000000000017,2.6559833333333334,7.3344,17.698
59359,6861.18,483.04,-0.024,5e-05,0.0275,0.0275,0.137,0.00226,359.8713,0.000135,56,mixed,operational,43deg,42.88,480.6,480.69,5.887600000000001,4.222533333333334,8.5172,28.139000000000003
59429,6853.37,475.24,0.015,-0.00069,0.0412,0.0406,0.323,0.00121,0.0269,0.000118,74,phasing,operational,53deg,53.218,472.25,480.98,5.737100000000002,6.739441666666667,11.7227,44.998
59430,6853.38,475.24,-0.011,-9e-05,0.0282,0.0282,0.165,0.00115,0.0225,0.00012,74,mixed,operational,53deg,53.213,470.75,481.74,9.683700000000002,6.388058333333333,12.0016,42.658
59431,6853.37,475.24,0.115,0.00049,0.0293,0.0289,0.178,0.00128,0.0275,0.000122,64,mixed,operational,53deg,53.211,473.6,470.19,6.643500000000001,5.919391666666667,11.7248,39.53
59432,6853.38,475.24,0.074,-1e-05,0.0331,0.0331,0.167,0.00109,0.0255,0.000126,65,lowering,operational,53deg,53.217,481.02,472.71,-9.961900000000002,4.889208333333333,11.9109,32.644
59433,6853.37,475.24,-0.049,-0.00074,0.0476,0.0469,0.323,0.0012,0.0241,0.000108,70,mixed,operational,53deg,53.22,476.08,480.49,-6.039099999999999,5.422958333333334,11.1975,36.194
59434,6853.38,475.24,-0.116,-0.00097,0.0279,0.0262,0.202,0.00127,0.0272,0.000111,70,mixed,operational,53deg,53.215,476.07,474.49,5.655300000000001,4.507141666666667,11.596,30.1
59435,6853.37,475.23,0.018,-0.00044,0.028,0.0277,0.115,0.001,0.0246,0.000126,70,mixed,operational,53deg,53.212,473.95,473.44,2.4145999999999974,4.2341500000000005,11.5803,28.279
59436,6853.37,475.23,0.024,-0.00026,0.0247,0.0246,0.136,0.00097,0.0293,0.000117,62,mixed,operational,53deg,53.213,471.69,479.59,7.284700000000001,3.0891416666666665,8.6914,20.634
59437,6853.37,475.23,-0.107,-0.00088,0.0284,0.027,0.186,0.00077,0.024,0.000117,64,mixed,operational,53deg,53.218,473.37,481.24,-2.5387000000000004,6.430125,11.8979,42.922
59456,6861.18,483.05,-0.038,-0.00077,0.0269,0.0256,0.187,0.00147,359.878,0.000126,63,mixed,operational,43deg,43.138,480.57,480.57,5.967400000000001,3.7249,8.7164,24.818
59457,6861.18,483.05,-0.004,-0.00058,0.0343,0.0337,0.213,0.00167,359.8828,0.000124,61,mixed,operational,43deg,43.139,482.78,482.95,2.7679,2.5927416666666665,7.1712,17.279
59458,6861.19,483.05,-0.041,-0.00029,0.0383,0.0382,0.196,0.00187,359.8833,0.000137,62,mixed,operational,43deg,43.147,487.07,486.73,1.331599999999999,2.9097166666666663,8.1128,19.381
59459,6861.2,483.06,-0.012,0.0003,0.0205,0.0202,0.134,0.00168,359.8769,0.000122,65,mixed,operational,43deg,43.146,483.02,486.6,6.0581000000000005,3.513591666666667,8.7813,23.411
59550,6861.18,483.05,0.026,0.0001,0.0271,0.0271,0.155,0.00234,359.8776,0.000109,73,mixed,operational,43deg,43.071,489.1,488.15,-7.8932,4.1673833333333326,7.4398,27.764
59551,6861.19,483.06,-0.017,0.00076,0.0401,0.0393,0.251,0.00269,359.8791,0.000117,65,mixed,operational,43deg,43.069,482.25,482.53,7.425499999999999,3.254008333333333,7.5099,21.681
59552,6861.19,483.05,-0.067,-0.00049,0.0355,0.0351,0.204,0.00238,359.8788,0.000126,59,mixed,operational,43deg,43.076,489.61,482.18,-8.7498,3.767633333333334,8.865,25.096
59553,6861.18,483.04,0.024,-0.0003,0.0321,0.0319,0.182,0.00261,359.8831,0.000134,67,mixed,operational,43deg,43.075,489.17,480.38,-3.206999999999999,3.774433333333333,8.9819,25.146
59554,6861.19,483.06,-0.289,-0.00069,0.0486,0.0482,0.416,0.00195,359.8813,9.6e-05,69,lowering,operational,43deg,42.982,489.83,484.05,-8.3524,3.2756666666666674,7.3768,21.824
59555,6861.19,483.05,-0.076,0.00012,0.0268,0.0267,0.134,0.00226,359.8744,0.00011,68,mixed,operational,43deg,43.069,482.99,481.12,0.2017999999999999,3.0126499999999994,8.4329,20.073
59556,6861.19,483.05,-0.135,0.00046,0.0486,0.0484,0.308,0.00184,359.8808,0.00013,64,raising,operational,43deg,43.067,481.23,489.3,8.2044,3.3854166666666665,8.1971,22.553
59841,6861.2,483.07,0.038,0.00062,0.0539,0.0534,0.309,0.00221,359.8757,0.000113,60,mixed,operational,43deg,42.894,480.45,486.36,7.4097,3.3694916666666668,7.9123,22.449
59842,6861.19,483.05,0.052,0.00052,0.0304,0.0298,0.127,0.0034,359.8725,0.000118,64,mixed,operational,43deg,42.909,486.86,483.27,-1.2731,3.716958333333334,8.7019,24.768
59843,6861.19,483.06,0.009,-0.00044,0.0513,0.051,0.406,0.0014,359.8767,0.000107,56,mixed,operational,43deg,42.909,484.05,483.18,5.557600000000001,3.02015,6.4248,20.12
59844,6861.19,483.06,0.036,0.00017,0.0262,0.0261,0.129,0.00227,359.8724,9.7e-05,57,mixed,operational,43deg,42.907,488.32,483.59,-7.666700000000001,3.289591666666667,7.4008,21.916
59845,6861.2,483.06,-0.024,0.00062,0.0435,0.043,0.29,0.00399,359.8691,0.00013,61,mixed,operational,43deg,42.895,486.12,489.29,1.145500000000001,4.389725000000001,8.4999,29.25
59846,6861.18,483.05,0.01,-0.00086,0.0369,0.0357,0.266,0.00179,359.8753,0.000116,64,mixed,operational,43deg,42.908,482.2,483.95,6.1483,3.8603083333333337,7.8353,25.718
59847,6861.18,483.05,0.006,-0.00093,0.0398,0.0384,0.176,0.00209,359.874,0.000128,59,mixed,operational,43deg,42.906,481.52,482.69,4.6755,4.596308333333334,8.572,30.622
59848,6861.2,483.06,0.034,1e-05,0.0372,0.0372,0.273,0.00125,359.8736,0.000113,57,mixed,operational,43deg,42.893,480.67,488.85,8.8553,3.352208333333333,8.5132,22.341
59849,6861.19,483.06,0.027,0.00024,0.0241,0.0239,0.147,0.00271,359.867,0.000104,66,mixed,operational,43deg,42.907,487.54,486.81,-3.7795,3.404825,7.7378,22.684
60102,6853.38,475.24,0.007,-5e-05,0.0222,0.0222,0.125,0.00076,0.0276,9.5e-05,61,mixed,operational,53deg,53.256,477.37,474.77,-6.062099999999999,5.562825,11.2508,37.143
60103,6853.28,475.15,0.017,-0.00418,0.7151,0.7137,5.151,0.00049,0.0341,0.000137,50,lowering,operational,53deg,53.252,476.22,470.84,-6.915900000000001,3.289808333333333,6.4907,21.97
60104,6853.37,475.23,0.037,0.00023,0.046,0.046,0.394,0.00081,0.0282,0.000116,69,mixed,operational,53deg,53.255,469.46,481.24,6.199199999999998,6.5514,11.5442,43.746
60105,6853.38,475.24,-0.016,0.00037,0.0204,0.0201,0.136,0.00071,0.0251,0.000106,53,mixed,operational,53deg,53.259,481.66,470.34,-1.775999999999998,7.49265,11.8527,50.018
60106,6853.38,475.24,-0.013,2e-05,0.0233,0.0233,0.153,0.00057,0.0248,0.000104,62,mixed,operational,53deg,53.257,481.24,469.49,-5.090999999999999,6.7811,12.2532,45.269
60107,6853.37,475.23,0.023,0.00021,0.043,0.0429,0.382,0.00076,0.0259,0.000111,68,mixed,operational,53deg,53.257,470.4,480.44,5.871899999999998,6.171025,10.7632,41.214
60108,6853.37,475.24,0.046,8e-05,0.0732,0.0732,0.609,0.0007,0.0254,0.000113,64,mixed,operational,53deg,53.256,472.62,474.74,-0.7037000000000004,4.953625000000001,10.5083,33.084
60109,6853.38,475.24,0.028,-0.00014,0.0214,0.0214,0.155,0.00047,0.0251,0.000115,59,mixed,operational,53deg,53.255,470.72,473.26,9.132,4.365333333333333,10.8339,29.152
60110,6853.37,475.24,0.105,0.00131,0.0297,0.0265,0.178,0.00099,0.0239,0.000114,66,mixed,operational,53deg,53.261,480.63,469.43,-2.148699999999998,6.778858333333333,11.9393,45.252
60111,6853.38,475.24,0.041,0.00037,0.0206,0.0202,0.137,0.0006,0.0243,0.000116,58,mixed,operational,53deg,53.26,478.1,470.25,2.7503999999999973,5.770833333333333,11.402,38.53
60312,6737.85,359.71,0.102,0.00139,0.0372,0.034,0.212,0.0011,0.0403,0.000101,59,phasing,deployment,53deg,53.044,366.3,355.63,-1.7020999999999995,6.963408333333334,11.8379,47.683
60313,6737.86,359.72,0.023,0.00021,0.0445,0.0444,0.238,0.00111,0.0365,9.8e-05,65,mixed,deployment,53deg,53.041,365.17,353.83,0.8752999999999993,5.520458333333334,12.214,37.823
60314,6853.38,475.24,0.053,-0.00036,0.0323,0.0321,0.201,0.00097,0.0298,0.000129,72,phasing,operational,53deg,53.242,469.42,481.87,11.5927,5.4545,10.024,33.39
60315,6853.37,475.24,0.08,0.00026,0.031,0.0309,0.222,0.0011,0.029,0.000116,74,mixed,operational,53deg,53.251,479.87,469.66,-8.538599999999999,5.704999999999999,11.7429,38.079
60316,6853.37,475.24,0.069,-0.00035,0.0507,0.0506,0.383,0.00125,0.029,0.000119,61,mixed,operational,53deg,53.244,477.72,470.99,3.4795999999999987,5.224716666666667,10.5583,34.892
60317,6853.38,475.24,0.059,0.00054,0.0523,0.052,0.37,0.00099,0.0243,0.000123,70,mixed,operational,53deg,53.251,480.39,469.65,-0.7708000000000013,6.505016666666666,11.261,43.424
60318,6853.38,475.24,-0.064,-3e-05,0.0489,0.0489,0.275,0.00114,0.0245,0.000122,70,mixed,operational,53deg,53.248,473.22,475.0,8.3139,5.966458333333335,10.5754,39.837
60319,6853.37,475.23,0.029,-0.00051,0.0411,0.0407,0.234,0.00109,0.0262,0.000131,71,mixed,operational,53deg,53.245,481.06,469.46,-4.147099999999998,5.618075,10.2769,37.515
60320,6853.37,475.23,0.027,7e-05,0.0521,0.0521,0.281,0.00077,0.0252,0.000129,69,mixed,operational,53deg,53.243,470.93,475.33,10.701999999999998,3.8928,10.2227,26.0
60930,6737.88,359.74,0.101,0.0011,0.0311,0.029,0.147,0.00091,0.0371,0.000107,67,phasing,deployment,53deg,53.291,362.68,359.89,-0.8080999999999972,7.423958333333332,11.436,50.845
60931,6737.87,359.73,0.053,-0.00022,0.0285,0.0285,0.132,0.00101,0.0336,0.000122,65,phasing,deployment,53deg,53.287,366.14,354.44,0.2064000000000003,7.1703,12.507,49.108
60932,6737.86,359.73,0.003,-0.00044,0.0326,0.0322,0.232,0.00121,0.0378,0.000107,62,phasing,deployment,53deg,53.29,363.27,354.03,1.8262,4.359883333333333,11.0656,29.861
60933,6737.88,359.74,0.078,0.0001,0.0485,0.0485,0.251,0.00119,0.0292,0.000113,60,mixed,deployment,53deg,53.288,354.37,360.73,4.587099999999999,6.728491666666668,12.6422,46.079
60934,6737.87,359.73,0.186,0.00117,0.05,0.0485,0.356,0.00081,0.0358,0.000111,64,mixed,deployment,53deg,53.286,353.92,359.99,4.1458,5.08115,11.7633,34.809
60935,6737.88,359.74,0.066,-0.00018,0.0454,0.0454,0.209,0.00109,0.037,0.000111,67,phasing,deployment,53deg,53.293,362.99,364.88,-6.579599999999998,7.018366666666666,10.1291,48.058
60936,6737.89,359.75,0.06,0.00131,0.0587,0.0572,0.293,0.00092,0.0325,0.000113,60,phasing,deployment,53deg,53.288,363.04,356.27,1.841499999999999,6.5047250000000005,12.3436,44.549
60937,6853.37,475.24,0.074,0.00057,0.0289,0.0282,0.144,0.00108,0.0195,0.000132,64,mixed,operational,53deg,53.047,477.61,478.16,-8.1224,4.5825000000000005,9.3373,30.59
60938,6735.86,357.72,-26.754,-0.78401,8.6106,0.5004,26.754,0.00255,0.0336,0.000881,95,mixed,deployment,53deg,53.094,344.9,353.43,-2.6224999999999987,7.222608333333333,11.1577,49.592
62200,6861.15,483.01,0.028,0.00088,0.0449,0.0439,0.242,0.00291,359.8812,0.000115,64,mixed,operational,43deg,42.9,487.71,481.71,-2.375100000000001,2.7783916666666664,8.0018,18.513
62201,6861.15,483.01,0.144,0.00029,0.0377,0.0376,0.214,0.00275,359.8843,0.000153,57,mixed,operational,43deg,42.899,484.96,480.93,4.475200000000001,3.2726333333333337,8.5029,21.807
62202,6861.15,483.02,0.079,0.00095,0.0676,0.067,0.352,0.00283,359.8782,0.000133,59,mixed,operational,43deg,42.907,486.97,489.48,-6.1095000000000015,3.615172727272727,8.7459,22.069
62203,6861.15,483.01,0.028,0.00094,0.0411,0.04,0.224,0.00182,359.8816,0.000143,70,mixed,operational,43deg,42.89,480.58,481.42,8.367899999999999,2.835808333333333,8.7391,18.899
62204,6813.53,435.4,-25.698,-0.66452,7.8402,0.709,25.698,0.00101,359.8631,0.001633,85,phasing,raising,43deg,42.89,435.67,426.07,-3.7301,3.853291666666667,8.1521,25.982
62205,6861.15,483.01,0.024,0.00078,0.0329,0.0318,0.168,0.00167,359.8813,0.00013,75,mixed,operational,43deg,42.879,485.88,487.38,-1.6017999999999983,3.495466666666668,8.7786,23.29
62206,6861.14,483.01,-0.066,-0.00053,0.0597,0.0594,0.304,0.00267,359.8844,0.000138,60,mixed,operational,43deg,42.896,485.91,481.1,2.105700000000001,3.988625,7.5757,26.583
62207,6861.16,483.02,0.052,0.00114,0.0491,0.0478,0.202,0.00206,359.8832,0.000125,66,phasing,operational,43deg,42.896,489.66,482.57,-7.219900000000002,4.663091666666667,8.433,31.062
62208,6861.15,483.01,-0.001,-0.00011,0.0303,0.0303,0.129,0.00243,359.8845,0.000118,62,phasing,operational,43deg,42.89,481.55,480.95,7.2075,3.623041666666667,7.8061,24.149
62209,6861.15,483.01,0.014,0.00072,0.0681,0.0676,0.331,0.00319,359.8837,0.000153,66,mixed,operational,43deg,42.891,482.57,480.67,6.3870000000000005,2.842633333333333,8.8865,18.947000000000003
62409,6734.42,356.28,0.134,0.00125,0.247,0.2467,0.987,0.00187,359.9057,0.000193,54,phasing,deployment,43deg,42.976,362.14,355.78,-0.0887999999999991,5.8416500000000005,9.2026,40.017
62600,6861.14,483.0,0.027,-0.00053,0.044,0.0435,0.247,0.00181,359.8864,0.000142,56,mixed,operational,43deg,42.915,483.61,485.27,1.7736999999999998,3.0655750000000004,6.9096,20.426
62601,6861.15,483.02,0.014,0.00085,0.0701,0.0695,0.354,0.00176,359.8793,0.000137,61,mixed,operational,43deg,42.908,480.8,481.97,2.4408,2.8289166666666667,8.8447,18.854
62602,6861.14,483.01,0.023,-0.0001,0.0479,0.0479,0.205,0.00163,359.8828,0.000114,69,lowering,operational,43deg,42.917,486.35,481.56,-5.6549,2.527475,6.2479,16.838
62603,6861.14,483.0,-0.033,-0.0003,0.0367,0.0366,0.18,0.00269,359.8798,0.000122,60,mixed,operational,43deg,42.921,489.24,488.74,-3.1552,2.65695,7.4202,17.698
62604,6861.16,483.02,0.031,0.00054,0.0385,0.0381,0.234,0.00167,359.8773,0.000128,62,mixed,operational,43deg,42.909,485.09,489.2,-4.315999999999999,3.16085,8.4249,21.055
62605,6861.14,483.01,0.052,0.00054,0.0338,0.0333,0.194,0.00226,359.8771,0.000117,63,mixed,operational,43deg,42.905,483.0,485.62,0.6399000000000004,3.099775,8.2927,20.656
62606,6861.16,483.02,-0.053,0.00024,0.0553,0.0552,0.302,0.00237,359.8795,0.000141,66,lowering,operational,43deg,42.917,487.32,485.42,-6.504800000000001,2.8951166666666666,8.8603,19.289
62607,6827.0,448.87,-18.596,-0.49936,5.6981,0.4718,18.596,0.00137,359.8739,0.00138,69,lowering,raising,43deg,42.904,450.05,447.88,-9.9695,2.7986416666666667,7.8013,18.806
62806,6853.34,475.2,0.133,-0.00033,0.0595,0.0594,0.468,0.0016,0.0337,0.00014,72,mixed,operational,53deg,53.273,478.92,479.53,-3.0301,3.995975,9.4234,26.673
62807,6853.34,475.2,0.08,0.00017,0.0494,0.0494,0.352,0.00211,0.0314,0.000136,68,mixed,operational,53deg,53.273,479.89,480.38,-10.101300000000002,4.014491666666667,10.5904,26.796
62808,6851.33,473.19,-4.377,-0.16976,2.1972,1.4232,4.786,0.0017,0.028,0.000158,75,mixed,operational,53deg,53.274,474.8,473.08,-6.748699999999998,3.9381916666666665,11.8881,26.309
62809,6853.33,475.19,0.035,7e-05,0.0261,0.0261,0.165,0.00159,0.0369,0.000128,71,lowering,operational,53deg,53.275,480.9,476.11,-8.598399999999998,4.224516666666667,10.8669,28.205
64025,6950.22,572.09,-0.002,0.00269,0.6731,0.6724,6.715,0.00104,0.0507,0.000287,78,phasing,high-shell,70deg-B,69.939,568.07,566.66,3.2317,6.102641666666667,15.9774,39.906
64030,6950.25,572.12,0.09,-5e-05,0.6755,0.6755,6.23,0.00097,0.051,0.000288,84,phasing,high-shell,70deg-B,69.941,568.38,567.93,3.201199999999998,5.516183333333334,16.2839,36.07
64031,6950.52,572.39,-0.022,0.00848,1.3651,1.3616,7.961,0.00173,0.0342,0.000267,84,phasing,high-shell,70deg-B,69.929,571.57,567.7,-7.102700000000002,5.1243583333333325,10.244,33.537
64032,6950.17,572.03,0.001,0.00031,0.0201,0.0198,0.108,0.00085,0.053,0.000259,81,mixed,high-shell,70deg-B,69.936,575.55,570.87,1.9529000000000012,7.3005749999999985,15.1632,47.735
64033,6950.17,572.03,0.025,-0.0002,0.0336,0.0336,0.217,0.00086,0.0518,0.000233,82,phasing,high-shell,70deg-B,69.939,566.32,561.83,6.538400000000003,6.41355,15.1922,41.95
64034,6950.0,571.87,0.027,0.00903,0.9214,0.9164,5.89,0.00093,0.0632,0.000289,79,mixed,high-shell,70deg-B,69.935,570.28,571.02,-5.170999999999999,6.209116666666668,13.7758,40.607
64035,6950.13,571.99,0.057,-0.0004,0.4358,0.4358,4.14,0.001,0.051,0.000276,86,mixed,high-shell,70deg-B,69.934,566.03,564.86,4.173499999999998,5.444641666666667,12.6049,35.617
64036,6950.04,571.9,0.001,-0.00833,0.8435,0.8382,5.944,0.00082,0.0585,0.000283,84,mixed,high-shell,70deg-B,69.94,577.74,578.06,0.405199999999998,4.60445,16.2215,30.114
64037,6950.21,572.07,0.005,0.00524,0.4325,0.4283,3.783,0.00094,0.0493,0.00023,79,phasing,high-shell,70deg-B,69.925,564.58,562.0,-0.7222999999999993,3.479691666666667,7.7527,22.786
64038,6950.17,572.03,0.014,0.00069,0.0389,0.0382,0.339,0.00095,0.0505,0.000276,81,mixed,high-shell,70deg-B,69.928,572.72,565.62,-0.9841999999999996,5.167783333333333,10.4838,33.815
64472,6853.33,475.19,0.072,0.00092,0.0356,0.0341,0.216,0.0018,0.0319,0.00012,68,phasing,operational,53deg,53.069,477.46,480.22,-7.6263999999999985,4.79,10.3898,31.983
64473,6853.35,475.21,0.006,0.00021,0.0427,0.0426,0.249,0.00131,0.0317,0.000117,64,mixed,operational,53deg,53.069,480.92,481.45,-11.0288,4.743483333333333,11.9791,31.658
64474,6853.34,475.2,0.053,0.00111,0.0348,0.0325,0.193,0.0015,0.0299,0.000121,60,mixed,operational,53deg,53.072,481.71,477.28,-12.3794,3.3533500000000003,10.5767,22.384
64475,6829.98,451.84,-35.413,-1.45107,16.6604,7.5082,41.639,0.00081,0.0209,0.000191,77,mixed,raising,53deg,53.075,439.78,438.94,-1.736899999999998,4.627625,11.6302,31.134
64476,6832.52,454.39,-35.365,-1.38864,17.5906,7.6676,35.812,0.00094,-0.0408,0.000133,63,phasing,raising,53deg,53.076,443.3,444.67,-3.960099999999999,5.014375,11.3171,33.731
64477,6831.47,453.34,-35.42,-1.39511,16.7226,8.5771,35.65,0.00131,0.0247,0.00013,74,mixed,raising,53deg,53.077,439.79,436.6,0.7558999999999996,5.148575,11.1785,34.635
64478,6853.33,475.2,0.083,0.00064,0.0533,0.0528,0.275,0.00156,0.0347,0.00012,73,mixed,operational,53deg,53.068,475.61,480.18,-5.776500000000001,5.059158333333333,10.3497,33.768
64479,6833.23,455.09,-35.445,-1.32144,17.6804,8.9206,35.66,0.00152,0.0135,0.000121,67,mixed,raising,53deg,53.073,436.35,437.65,8.768,5.225266666666666,12.0232,35.161
64480,6853.33,475.2,0.092,0.00087,0.0429,0.0418,0.237,0.00157,0.0382,0.000116,69,mixed,operational,53deg,53.068,479.12,481.06,-7.282899999999999,4.132975000000001,9.6441,27.592
64481,6853.34,475.2,-0.004,0.00071,0.0405,0.0397,0.227,0.00136,0.0326,0.000132,68,phasing,operational,53deg,53.074,481.55,480.29,-11.5418,5.172666666666667,10.7801,34.523
64704,6950.11,571.97,0.027,0.00939,0.5835,0.5761,5.182,0.00099,0.0607,0.000372,76,mixed,high-shell,70deg-B,70.012,561.8,571.69,0.4300999999999995,3.860341666666667,9.4605,25.269
64706,6950.25,572.11,0.001,0.00333,0.6136,0.6127,5.606,0.00117,0.0583,0.000362,80,phasing,high-shell,70deg-B,70.011,561.71,565.06,7.048299999999999,5.090075000000001,15.6099,33.317
64710,6950.03,571.89,-1.816,-0.00876,0.7821,0.7774,6.202,0.00073,0.0609,0.000406,82,phasing,high-shell,70deg-B,70.025,577.3,569.51,-1.4069000000000005,4.579725,11.2118,29.932
64712,6950.17,572.03,-0.208,-0.00194,0.8702,0.87,10.097,0.0021,0.0658,0.000365,78,mixed,high-shell,70deg-B,70.023,577.83,563.78,0.6763000000000012,5.755108333333333,15.0948,37.629
64714,6950.07,571.93,0.004,0.00851,0.6819,0.6762,5.26,0.00266,0.0699,0.000369,83,phasing,high-shell,70deg-B,70.024,578.42,565.42,-15.795,3.944233333333333,14.4233,25.778
64716,6950.18,572.04,0.016,-0.00512,0.8462,0.8444,10.598,0.00108,0.0412,0.000357,80,mixed,high-shell,70deg-B,70.018,573.42,561.85,3.4007999999999985,7.633216666666667,14.9711,49.926
64718,6950.27,572.13,0.001,-0.00254,0.7268,0.7263,6.393,0.0016,0.0542,0.000344,84,mixed,high-shell,70deg-B,70.027,573.96,573.06,4.308199999999999,3.826483333333334,10.6475,25.002
64720,6950.18,572.04,0.06,-0.00129,0.0597,0.0583,0.459,0.00107,0.0539,0.000359,80,mixed,high-shell,70deg-B,70.022,577.04,575.78,1.3006999999999975,5.121325000000001,13.3708,33.484
64724,6853.35,475.21,-0.017,-0.00112,0.0398,0.0379,0.217,0.00116,0.0374,0.000133,62,mixed,operational,53deg,53.012,476.33,481.57,-6.999400000000001,4.1464,12.2405,27.675
65355,6853.33,475.2,-0.008,-0.00029,0.0308,0.0306,0.142,0.0015,0.0328,0.000117,60,mixed,operational,53deg,53.017,473.38,478.9,-3.634999999999998,5.599166666666666,9.157,37.377
65356,6853.34,475.2,0.017,0.00023,0.0435,0.0434,0.189,0.00139,0.0285,0.00012,66,phasing,operational,53deg,53.012,481.05,479.88,-2.3839,4.3785750000000005,11.7174,29.23
65357,6853.33,475.2,0.139,0.00104,0.0448,0.0434,0.206,0.0013,0.0328,0.000116,61,mixed,operational,53deg,53.008,473.77,478.51,6.935600000000001,3.6870166666666666,9.4519,24.621
65358,6853.33,475.2,0.037,0.00025,0.0463,0.0462,0.245,0.00108,0.0344,0.000127,64,phasing,operational,53deg,53.006,471.92,480.79,6.405999999999999,5.198133333333334,10.7415,34.715
65359,6853.34,475.2,0.093,9e-05,0.0443,0.0443,0.217,0.00097,0.0272,0.00013,61,phasing,operational,53deg,53.012,476.3,470.4,-3.5776,5.817083333333334,12.3171,38.84
65360,6853.34,475.2,0.098,0.00048,0.0383,0.0379,0.2,0.00163,0.0343,0.000122,60,mixed,operational,53deg,53.015,481.01,469.56,-9.7494,6.559816666666667,11.9073,43.788
65361,6853.34,475.21,0.011,-0.00026,0.046,0.046,0.303,0.0014,0.034,0.00012,59,phasing,operational,53deg,53.009,474.56,478.64,4.575700000000001,5.499524999999999,10.7694,36.717
65362,6849.02,470.88,-12.534,-0.35258,5.3197,3.7641,12.681,0.00122,0.031,0.000117,74,mixed,operational,53deg,53.014,471.28,456.95,-11.7125,5.051975,11.0729,33.805
65363,6853.34,475.2,0.043,0.00049,0.0352,0.0348,0.2,0.0014,0.0321,0.000121,58,mixed,operational,53deg,53.007,469.39,470.08,10.7798,4.121466666666668,10.0884,27.533
65364,6853.34,475.2,0.009,-0.00129,0.0317,0.0289,0.159,0.0013,0.0317,0.000112,52,mixed,operational,53deg,53.017,480.46,481.35,-9.8395,4.8547416666666665,10.7266,32.4
65400,6927.64,549.5,0.028,-0.00091,0.0242,0.0219,0.12,0.02598,-0.0679,0.000183,73,phasing,high-shell,SSO,97.523,547.87,539.33,-7.349399999999996,8.31555,18.7582,54.64
65401,6927.64,549.5,0.004,-0.00073,0.0411,0.0403,0.334,0.02566,-0.0673,0.000206,82,mixed,high-shell,SSO,97.524,546.45,549.75,6.8857,5.417691666666667,12.8658,35.62
65402,6927.64,549.5,-0.017,0.00028,0.0319,0.0318,0.166,0.02513,-0.0681,0.000207,81,mixed,high-shell,SSO,97.522,537.82,555.69,15.9867,3.8505583333333337,8.2912,25.303
65404,6849.39,471.25,-12.513,-0.34584,5.4056,4.2052,13.456,0.00134,0.0369,0.000155,76,phasing,operational,53deg,53.115,464.4,456.91,3.9128000000000007,6.03250909090909,11.8656,37.02
65405,6853.33,475.19,0.016,0.00089,0.0313,0.0298,0.181,0.00139,0.0297,0.000121,67,mixed,operational,53deg,53.095,474.59,479.7,-4.4504,4.243233333333333,10.7674,28.329
65406,6853.34,475.2,0.029,0.00013,0.0335,0.0334,0.222,0.00161,0.0291,0.000131,66,mixed,operational,53deg,53.094,481.79,469.89,-9.6266,5.4684,9.5968,36.504
65407,6853.35,475.21,0.061,-0.00058,0.0374,0.0369,0.183,0.00142,0.0299,0.000116,70,mixed,operational,53deg,53.089,479.99,470.89,0.685299999999998,6.252175,11.259,41.748
65408,6853.33,475.2,0.044,0.00032,0.0337,0.0336,0.147,0.00108,0.0318,0.00011,68,mixed,operational,53deg,53.085,474.16,472.52,7.3375,4.764841666666666,10.6339,31.818
65409,6851.32,473.18,-4.51,-0.14954,2.1806,1.5277,4.676,0.00142,0.0303,0.000128,79,mixed,operational,53deg,53.093,468.4,472.92,-3.379900000000001,4.898708333333333,10.2991,32.741
65840,6850.76,472.62,-12.292,-0.25256,4.73,3.9581,12.587,0.00167,0.0341,0.000144,69,lowering,operational,53deg,53.137,479.5,456.96,-14.743099999999998,3.896641666666667,7.8938,26.06
65842,6853.34,475.2,0.078,0.00054,0.0363,0.0358,0.211,0.00144,0.0359,0.000122,61,mixed,operational,53deg,53.137,481.5,470.02,-4.8598,3.875333333333333,11.2929,25.865
65843,6853.32,475.19,0.046,0.00095,0.035,0.0335,0.156,0.00133,0.0307,0.000112,61,mixed,operational,53deg,53.136,478.02,472.55,3.8099,5.285941666666666,10.0879,35.299
65844,6850.65,472.51,-9.941,-0.23706,4.3831,3.4533,10.107,0.00143,0.0288,0.000129,80,mixed,operational,53deg,53.142,464.99,471.78,-5.591200000000001,4.660383333333333,12.381,31.169
65845,6853.29,475.16,0.029,-0.00032,0.2437,0.2437,1.494,0.00171,0.0316,0.00011,78,mixed,operational,53deg,53.132,473.74,472.97,7.102299999999998,4.538325,10.2509,30.31
65846,6853.33,475.2,0.036,0.00077,0.0285,0.0272,0.142,0.00143,0.0335,0.000108,71,phasing,operational,53deg,53.136,472.48,475.86,8.202900000000003,5.553875000000001,12.094,37.08
65847,6853.33,475.19,0.024,0.00016,0.0427,0.0427,0.201,0.00127,0.0338,0.000126,67,mixed,operational,53deg,53.139,473.5,473.96,-2.8577000000000004,3.312858333333334,6.412,22.114
65848,6853.31,475.17,0.061,0.00018,0.191,0.191,1.617,0.0012,0.036,0.000122,65,raising,operational,53deg,53.131,471.21,479.6,10.1985,3.518791666666667,12.2429,23.493
65849,6853.34,475.2,-0.022,-0.00011,0.0383,0.0383,0.239,0.0012,0.0327,0.00011,72,mixed,operational,53deg,53.138,473.82,475.22,-0.1002999999999996,3.964975,9.6087,26.471
65875,6852.23,474.09,-12.291,-0.1397,3.4373,3.1366,12.445,0.00125,0.0322,0.000125,72,mixed,operational,53deg,53.239,475.89,469.27,-10.6741,4.580825,9.6843,30.611
65876,6853.34,475.21,0.084,-0.00144,0.0521,0.0502,0.296,0.00174,0.0317,0.000126,66,mixed,operational,53deg,53.246,477.34,471.97,2.629800000000001,4.468716666666666,10.5948,29.825
65877,6853.34,475.2,0.128,0.0009,0.0417,0.0408,0.304,0.00123,0.0394,0.000128,65,mixed,operational,53deg,53.24,473.84,475.17,-3.5737000000000005,4.862525000000001,11.3187,32.469
65878,6853.32,475.19,-0.386,-0.00086,0.075,0.0745,0.581,0.00171,0.0296,0.000128,70,lowering,operational,53deg,53.245,478.78,463.41,-19.6565,4.655891666666667,10.3557,31.091
65879,6853.34,475.2,0.193,0.00071,0.0357,0.0351,0.209,0.00139,0.0325,0.000126,68,mixed,operational,53deg,53.245,470.76,481.51,9.700199999999995,6.119466666666667,11.9613,40.857
65880,6853.34,475.2,0.143,-0.00203,0.0506,0.0473,0.286,0.00121,0.0333,0.000133,67,mixed,operational,53deg,53.238,476.46,472.02,-0.853499999999999,3.915208333333334,11.293,26.141
65881,6850.43,472.3,-12.439,-0.28659,4.6921,3.6852,12.547,0.00128,0.0334,0.000136,81,mixed,operational,53deg,53.242,460.14,468.76,-2.4453,6.652758333333334,12.411,44.523
65882,6845.48,467.34,-12.282,-0.48832,5.4212,2.6646,12.596,0.00161,0.0352,0.000103,74,mixed,operational,53deg,53.295,463.37,457.32,5.1064,4.589200000000001,11.1527,30.736
65883,6844.97,466.83,-12.383,-0.528,5.3169,2.5451,12.712,0.00166,0.0368,0.000126,66,mixed,operational,53deg,53.295,465.36,469.14,-4.557100000000001,4.981974999999999,11.3337,33.351
65884,6853.32,475.19,0.179,4e-05,0.0411,0.0411,0.24,0.00116,0.0361,0.000134,67,mixed,operational,53deg,53.289,480.94,470.65,-6.750600000000001,4.60325,10.7704,30.734
66005,6853.33,475.19,0.051,0.00109,0.0302,0.0278,0.133,0.00159,0.0325,0.00012,73,mixed,operational,53deg,53.099,474.66,474.34,3.5220000000000025,4.616483333333334,10.7108,30.827
66006,6853.33,475.19,0.062,0.00032,0.0515,0.0514,0.357,0.00139,0.0325,0.000109,67,mixed,operational,53deg,53.106,471.9,481.68,0.8094999999999981,5.833308333333332,11.367,38.932
66007,6853.35,475.21,0.079,0.00124,0.0445,0.042,0.229,0.00139,0.0301,0.000118,76,mixed,operational,53deg,53.095,481.27,469.44,-11.113,4.290083333333333,10.1328,28.635
66008,6853.34,475.2,0.039,0.00052,0.0349,0.0344,0.209,0.00197,0.029,0.000115,71,mixed,operational,53deg,53.099,475.41,481.6,5.591800000000001,2.819716666666667,7.6525,18.826
66009,6853.34,475.2,0.084,0.00065,0.0483,0.0477,0.292,0.00192,0.0316,0.000119,76,mixed,operational,53deg,53.102,470.18,478.81,4.018000000000001,4.373616666666666,10.2423,29.198
66070,6853.34,475.2,0.057,0.00084,0.0269,0.0254,0.138,0.00155,0.0333,0.00012,71,lowering,operational,53deg,53.126,479.93,472.03,-10.4807,5.263208333333334,9.9636,35.134
66071,6853.34,475.2,-0.001,0.00062,0.4138,0.4138,4.764,0.00148,0.0298,0.000136,69,mixed,operational,53deg,53.124,469.3,481.53,12.086,4.712733333333333,12.4317,31.469
66072,6853.34,475.2,0.062,0.00022,0.05,0.0499,0.306,0.00133,0.029,0.000113,68,phasing,operational,53deg,53.123,477.0,473.7,4.780599999999998,4.71385,9.1161,31.475
66073,6853.34,475.2,0.001,0.0009,0.0427,0.0416,0.247,0.00142,0.0332,0.000124,71,mixed,operational,53deg,53.129,477.49,473.89,-7.259000000000001,4.683833333333333,10.6843,31.262
66074,6853.32,475.18,0.093,0.00011,0.105,0.105,0.904,0.00138,0.0273,0.000135,65,mixed,operational,53deg,53.118,481.08,469.64,-9.257300000000004,4.085958333333333,10.4907,27.283
66075,6853.33,475.2,0.029,0.00024,0.0269,0.0268,0.142,0.00181,0.0331,0.000122,62,phasing,operational,53deg,53.125,470.98,481.11,8.317699999999999,6.6420916666666665,11.852,44.336
66076,6853.34,475.2,0.032,0.00059,0.0293,0.0287,0.141,0.00113,0.0277,0.000123,69,mixed,operational,53deg,53.117,469.37,471.51,11.4418,4.870183333333334,10.4759,32.519
66077,6853.33,475.19,0.035,2e-05,0.0391,0.0391,0.196,0.00122,0.0272,0.000135,63,phasing,operational,53deg,53.119,469.9,480.38,11.9316,5.347533333333334,10.929,35.717
66078,6853.35,475.21,0.053,-6e-05,0.03,0.03,0.188,0.00175,0.0309,0.000111,64,mixed,operational,53deg,53.125,480.91,469.54,-5.013699999999998,6.181341666666667,10.7569,41.26
66079,6853.34,475.2,0.085,-0.00045,0.0527,0.0525,0.297,0.00154,0.0291,0.00012,69,mixed,operational,53deg,53.118,475.28,469.78,4.955800000000001,4.68965,12.2399,31.324
67711,6843.67,465.53,-0.133,-0.00248,0.0589,0.0518,0.306,0.00141,-0.0529,0.000162,81,phasing,operational,SSO,97.163,471.79,453.82,-13.881999999999998,9.0726,16.6241,60.723
67712,6843.67,465.53,-0.148,-0.00278,0.0716,0.0644,0.44,0.00174,-0.0524,0.000148,86,phasing,raising,SSO,97.165,453.52,464.39,11.414700000000002,8.311141666666668,16.9004,55.682
67713,6843.65,465.52,0.127,0.00035,0.0458,0.0457,0.359,0.00109,-0.0531,0.000128,81,phasing,operational,SSO,97.164,470.9,464.03,-16.454800000000002,9.275333333333334,18.0408,62.067
67714,6838.85,460.71,46.561,0.80033,12.7259,9.1076,46.609,0.00113,-0.0767,0.000175,90,mixed,operational,SSO,97.166,459.6,465.51,-2.908300000000001,5.602325,16.82,37.532
67715,6843.65,465.51,-0.155,0.0001,0.0681,0.068,0.511,0.00144,-0.0553,0.000108,86,phasing,operational,SSO,97.164,470.37,458.93,-16.006099999999996,10.367508333333337,17.7109,69.402
67716,6843.65,465.52,0.137,0.0013,0.0516,0.0497,0.34,0.0014,-0.0541,0.0001,85,phasing,operational,SSO,97.163,471.04,454.97,-9.6658,9.940233333333332,18.7069,66.531
67717,6845.04,466.91,-5.187,-0.18442,2.2687,0.9122,5.462,0.00145,-0.0541,0.000116,80,mixed,raising,SSO,97.165,453.06,465.01,5.623700000000001,8.126875,18.128,54.426
67800,6809.45,431.31,121.605,4.69673,49.8766,17.7788,121.94,0.00136,-0.0359,0.000175,84,mixed,operational,SSO,97.175,458.97,469.3,13.0201,7.000174999999999,15.8037,46.883
67801,6809.55,431.41,121.147,4.74119,48.9319,16.2329,122.391,0.00118,-0.0475,0.000175,87,phasing,operational,SSO,97.172,471.74,471.85,-17.198500000000003,8.836075000000001,17.3166,59.113
67802,6807.09,428.95,121.442,4.72057,50.4078,17.5946,122.373,0.00128,-0.0378,0.000191,84,mixed,operational,SSO,97.175,463.37,471.91,-3.542100000000003,6.622808333333334,13.937,44.337
67803,6810.14,432.01,121.653,4.71826,49.432,17.2172,122.03,0.00117,-0.0397,0.000184,86,mixed,raising,SSO,97.174,462.69,456.09,-2.3637999999999995,5.053649999999999,12.7229,33.834
67804,6805.31,427.17,121.623,4.77663,50.0385,15.4432,122.581,0.00105,-0.0385,0.000179,82,phasing,operational,SSO,97.173,467.49,455.17,-5.798099999999997,8.589891666666668,18.3646,57.505
67805,6807.45,429.31,121.672,4.71113,50.0719,16.4419,122.04,0.00116,-0.0385,0.000155,90,mixed,raising,SSO,97.174,458.07,456.62,2.1803000000000017,6.463425,16.1932,43.283
67806,6807.43,429.3,121.64,4.80133,50.5475,17.495,122.448,0.00133,-0.0377,0.000182,84,mixed,operational,SSO,97.174,454.85,469.88,-1.8034000000000017,9.26885,17.2242,62.038
67807,6798.84,420.7,119.106,4.43211,52.0606,13.7668,119.7,0.00124,-0.0511,0.000156,70,mixed,operational,SSO,97.175,450.78,469.38,1.9309999999999972,8.6195,17.8955,57.743
67808,6807.51,429.37,121.65,4.67467,50.2409,17.491,122.65,0.00167,-0.0365,0.000168,86,phasing,operational,SSO,97.175,468.6,453.9,-4.4039,8.038691666666667,17.6033,53.824
67809,6807.85,429.72,121.425,4.86057,50.1727,16.8567,121.947,0.00126,-0.0353,0.000188,81,mixed,operational,SSO,97.174,457.06,463.71,12.331199999999995,7.317533333333333,18.0702,49.003
68075,6793.8,415.67,131.757,4.42375,47.8777,17.115,132.157,0.00183,0.0424,9.9e-05,88,mixed,operational,53deg,53.016,469.85,473.91,2.8694999999999995,5.249975000000001,13.0335,35.072
68076,6791.78,413.65,131.329,4.61814,51.8014,21.2745,132.417,0.00237,0.0438,0.000122,86,lowering,operational,53deg,53.017,481.12,473.42,-21.2092,4.226983333333333,13.5139,28.222
68077,6765.07,386.93,74.926,2.7445,34.0655,15.0206,78.53,0.00143,0.0652,0.000104,74,mixed,raising,53deg,53.012,421.23,415.87,3.7568,4.15635,10.2554,28.104
68078,6798.9,420.77,121.516,4.57834,50.0658,19.5342,133.622,0.00384,0.0467,0.000133,87,phasing,operational,53deg,53.011,472.71,469.85,-5.5698000000000025,5.151516666666667,13.3039,34.447
68079,6798.6,420.46,147.541,4.81749,50.4337,9.9966,148.314,0.00099,0.1085,0.000107,87,mixed,operational,53deg,53.013,467.72,469.73,4.7569,4.300208333333333,11.6222,28.715
68080,6768.83,390.7,119.018,3.11122,43.429,23.3968,119.482,0.00187,0.0523,0.00011,64,raising,raising,53deg,53.017,408.85,459.34,59.8948,6.972966666666667,15.8916,46.992
68081,6766.05,387.91,74.88,2.82008,37.0509,13.8636,75.581,0.00105,0.0535,0.00013,63,mixed,raising,53deg,53.011,420.33,413.46,-0.1444999999999998,5.300708333333334,10.7886,35.831
68082,6791.9,413.77,147.496,4.74144,53.4843,19.6116,147.659,0.00136,-0.0193,0.000124,94,mixed,operational,53deg,53.022,481.66,480.21,-11.964200000000002,4.413633333333333,10.5241,29.457
68083,6790.32,412.18,119.197,4.47787,47.4325,18.3612,119.715,0.0009,-0.0176,0.00012,81,mixed,operational,53deg,53.009,457.96,468.74,10.9255,3.382575000000001,9.9044,22.652
68084,6795.07,416.93,119.002,4.34301,49.5465,16.9869,119.458,0.00123,0.0434,0.000143,73,phasing,operational,53deg,53.009,457.02,468.1,7.978199999999999,6.124033333333334,11.1798,41.004
68262,6767.55,389.41,130.724,4.27701,51.0997,18.54,130.895,0.00123,0.1353,0.000184,87,mixed,raising,53deg,53.291,446.19,445.59,-12.0947,6.354491666666667,11.5976,42.749
68263,6784.34,406.2,166.431,5.0968,58.2769,17.2223,166.478,0.00107,-0.0206,0.000123,99,mixed,operational,53deg,53.291,477.46,473.23,-6.2277,3.600308333333333,9.1187,24.032
68264,6769.96,391.83,131.852,4.26336,49.7213,15.9038,131.862,0.00108,-0.0276,0.000121,87,mixed,raising,53deg,53.284,434.59,434.67,5.7777,5.263991666666667,11.5412,35.42
68265,6779.91,401.78,166.539,5.14236,59.6824,20.8457,166.574,0.00109,-0.024,0.000124,96,mixed,operational,53deg,53.285,471.33,470.78,9.5996,4.3696166666666665,10.3088,29.189
68266,6771.59,393.45,131.18,4.25482,50.8341,14.8712,131.29,0.00124,-0.0397,0.000122,83,phasing,raising,53deg,53.291,445.64,445.04,-6.2391,5.8990583333333335,12.2466,39.689
68267,6761.82,383.68,110.815,3.60661,43.5107,11.8129,111.038,0.0011,-0.0177,0.000121,81,mixed,raising,53deg,53.287,417.07,421.46,-4.1919,4.732825,10.8462,31.99
68268,6765.83,387.69,154.426,4.22765,58.5278,24.5684,154.467,0.00175,0.0605,0.000111,75,raising,raising,53deg,53.281,441.01,457.64,24.792000000000005,4.375900000000001,16.6548,29.35
68269,6759.48,381.34,155.273,3.76869,47.9251,18.847,155.273,0.00128,0.0194,0.000148,90,phasing,raising,53deg,53.282,420.01,449.94,41.8429,8.148808333333333,22.4317,54.953
68270,6783.79,405.66,164.881,5.14405,59.532,17.8721,164.915,0.00106,-0.0229,0.000117,97,mixed,operational,53deg,53.289,479.03,472.67,-8.0541,4.142708333333333,8.424,27.663
68271,6761.33,383.19,110.704,3.63681,42.5425,11.8622,110.932,0.00109,-0.0058,0.00012,87,mixed,raising,53deg,53.287,412.98,420.89,0.2714999999999996,6.435124999999999,12.0863,43.505
68686,6753.79,375.66,80.514,7.49414,29.6467,10.5384,80.667,0.00137,-0.0289,0.000167,56,raising,raising,SSO,97.271,374.6,425.3,32.051500000000004,10.439491666666669,18.6506,70.813
68802,6700.13,321.99,73.434,8.32577,21.8979,5.8013,73.796,0.00067,-0.0198,0.000151,43,phasing,deployment,SSO,97.208,325.79,348.33,15.9799,8.546891666666667,20.6205,58.886
68803,6701.11,322.97,73.804,8.2065,20.8542,5.5892,74.146,0.00069,-0.0193,0.000162,42,phasing,deployment,SSO,97.208,334.25,345.23,-0.7215999999999969,10.377833333333331,22.4317,71.481
68804,6699.25,321.12,74.254,8.43333,22.0833,5.4958,74.562,0.00071,-0.0187,0.000154,43,phasing,deployment,SSO,97.208,317.64,336.23,20.2257,7.879258333333333,15.4006,54.279
68805,6698.65,320.51,75.206,8.45862,22.146,5.3038,75.539,0.00068,-0.0185,0.000153,43,mixed,deployment,SSO,97.207,322.2,342.57,26.5091,7.386641666666666,15.2522,50.874
68806,6699.03,320.9,74.909,8.64644,22.6469,5.6556,75.354,0.00072,-0.0186,0.000151,43,mixed,deployment,SSO,97.208,324.6,343.23,11.476399999999998,6.891749999999999,18.7979,47.474
68807,6698.75,320.61,76.078,8.7505,22.9558,5.6729,76.512,0.00067,-0.0184,0.000161,43,mixed,deployment,SSO,97.209,317.11,334.6,26.7315,6.679375,16.1811,46.044
68808,6699.41,321.27,76.374,8.57673,21.6635,5.2212,76.821,0.00062,-0.0182,0.000144,42,phasing,deployment,SSO,97.208,317.5,337.94,27.6309,7.516491666666666,15.0644,51.764
68809,6697.56,319.43,76.747,8.76965,22.878,5.1417,77.103,0.00072,-0.0187,0.000143,43,mixed,deployment,SSO,97.208,328.25,337.88,20.9402,8.1884,12.94,56.364
68810,6698.39,320.25,77.238,8.62493,21.6945,4.8594,77.688,0.0007,-0.0183,0.000144,42,mixed,deployment,SSO,97.208,326.57,333.24,18.0304,6.503433333333335,16.6537,44.762
68811,6696.36,318.22,77.643,8.74275,22.7298,4.7655,77.972,0.00068,-0.0185,0.00017,43,mixed,deployment,SSO,97.208,329.24,334.45,20.791000000000004,10.933633333333333,18.4097,75.284
