sat_name,norad_id,obj_id,status,inc_shell,i_deg_mean,raan_plane,raan_deg_start,alt_shell,alt_km_start,alt_km_end,net_da_km,e_start,maneuver_class,dv_total_ms,n_large,型號,發射日期,物理尺寸,重量,通訊載荷,動力系統
STARLINK-31718,59556,1261032,Operational,43deg,43.067,1,39.99,operational,481.2,489.3,8.2,0.00064,raising,22.6,0,Starlink v2 Mini,2023/2/27,展開寬度~4m,800 kg,四倍容量Ka/Ku頻段多波束天線,氬氣Hall推進器（2.4倍推力）
STARLINK-31699,59551,1261039,Operational,43deg,43.069,1,39.68,operational,482.2,482.5,7.43,0.00075,mixed,21.7,0,Starlink v2 Mini,2023/2/27,展開寬度~4m,800 kg,四倍容量Ka/Ku頻段多波束天線,氬氣Hall推進器（2.4倍推力）
STARLINK-31730,59555,1261031,Operational,43deg,43.069,1,40.15,operational,483,481.1,0.2,0.00034,mixed,20.1,0,Starlink v2 Mini,2023/2/27,展開寬度~4m,800 kg,四倍容量Ka/Ku頻段多波束天線,氬氣Hall推進器（2.4倍推力）
STARLINK-5367,55501,1261039,Operational,43deg,43.059,1,36.24,operational,487.7,481,1.86,0.00123,phasing,29.9,0,Starlink v1.5,2021/1/24,2.8m × 1.4m × 0.2m,310 kg,改進K-band天線系統,氪氣Hall推進器
STARLINK-31741,59550,1261039,Operational,43deg,43.071,1,39.44,operational,489.1,488.2,-7.89,0.00127,mixed,27.8,0,Starlink v2 Mini,2023/2/27,展開寬度~4m,800 kg,四倍容量Ka/Ku頻段多波束天線,氬氣Hall推進器（2.4倍推力）
STARLINK-31723,59553,1261040,Operational,43deg,43.075,1,39.78,operational,489.2,480.4,-3.21,0.00127,mixed,25.1,0,Starlink v2 Mini,2023/2/27,展開寬度~4m,800 kg,四倍容量Ka/Ku頻段多波束天線,氬氣Hall推進器（2.4倍推力）
STARLINK-31750,59552,1261030,Operational,43deg,43.076,1,39.81,operational,489.6,482.2,-8.75,0.00115,mixed,25.1,0,Starlink v2 Mini,2023/2/27,展開寬度~4m,800 kg,四倍容量Ka/Ku頻段多波束天線,氬氣Hall推進器（2.4倍推力）
STARLINK-31724,59554,1261035,Operational,43deg,42.982,1,3.8,operational,489.8,484,-8.35,0.00117,lowering,21.8,0,Starlink v2 Mini,2023/2/27,展開寬度~4m,800 kg,四倍容量Ka/Ku頻段多波束天線,氬氣Hall推進器（2.4倍推力）
STARLINK-31319,59457,1261046,Operational,43deg,43.139,2,87.07,operational,482.8,483,2.77,0.00085,mixed,17.3,0,Starlink v2 Mini,2023/2/27,展開寬度~4m,800 kg,四倍容量Ka/Ku頻段多波束天線,氬氣Hall推進器（2.4倍推力）
STARLINK-31631,59459,1261033,Operational,43deg,43.146,2,86.85,operational,483,486.6,6.06,0.00089,mixed,23.4,0,Starlink v2 Mini,2023/2/27,展開寬度~4m,800 kg,四倍容量Ka/Ku頻段多波束天線,氬氣Hall推進器（2.4倍推力）
STARLINK-31622,59456,1261035,Operational,43deg,43.138,3,90.82,operational,480.6,480.6,5.97,0.00073,mixed,24.8,0,Starlink v2 Mini,2023/2/27,展開寬度~4m,800 kg,四倍容量Ka/Ku頻段多波束天線,氬氣Hall推進器（2.4倍推力）
STARLINK-30952,58405,1261053,Operational,43deg,43.144,3,108.67,operational,480.7,485.2,8.53,0.00053,phasing,25.3,0,Starlink v1.5,2021/1/24,2.8m × 1.4m × 0.2m,310 kg,改進K-band天線系統,氪氣Hall推進器
STARLINK-30906,58408,1261054,Operational,43deg,43.145,3,112.29,operational,480.9,487.1,5.18,0.0007,mixed,25.2,0,Starlink v1.5,2021/1/24,2.8m × 1.4m × 0.2m,310 kg,改進K-band天線系統,氪氣Hall推進器
STARLINK-30964,58402,1261050,Operational,43deg,43.151,3,108.55,operational,482.6,487.6,0.41,0.00082,mixed,18.1,0,Starlink v1.5,2021/1/24,2.8m × 1.4m × 0.2m,310 kg,改進K-band天線系統,氪氣Hall推進器
STARLINK-30925,58406,1261048,Operational,43deg,43.142,3,108.77,operational,484.1,485.8,4.41,0.001,mixed,15.2,0,Starlink v1.5,2021/1/24,2.8m × 1.4m × 0.2m,310 kg,改進K-band天線系統,氪氣Hall推進器
STARLINK-31625,59458,1261035,Operational,43deg,43.147,3,90.66,operational,487.1,486.7,1.33,0.00051,mixed,19.4,0,Starlink v2 Mini,2023/2/27,展開寬度~4m,800 kg,四倍容量Ka/Ku頻段多波束天線,氬氣Hall推進器（2.4倍推力）
STARLINK-30844,58403,1261049,Operational,43deg,43.152,3,108.89,operational,489.4,481,-8.5,0.00112,lowering,18.2,0,Starlink v1.5,2021/1/24,2.8m × 1.4m × 0.2m,310 kg,改進K-band天線系統,氪氣Hall推進器
STARLINK-11444,62409,1261103,Operational,43deg,42.976,5,203.38,deployment,362.1,355.8,-0.09,0.00077,phasing,40,0,Starlink v2 Mini,2023/2/27,展開寬度~4m,800 kg,四倍容量Ka/Ku頻段多波束天線,氬氣Hall推進器（2.4倍推力）
STARLINK-6083,56109,1261100,Operational,43deg,42.941,5,217.7,operational,480.6,487.9,8.92,0.00068,mixed,23.2,0,Starlink v1.5,2021/1/24,2.8m × 1.4m × 0.2m,310 kg,改進K-band天線系統,氪氣Hall推進器
STARLINK-6075,56102,1261106,Operational,43deg,42.937,5,217.35,operational,481.3,486.5,8.06,0.00062,raising,17.3,0,Starlink v1.5,2021/1/24,2.8m × 1.4m × 0.2m,310 kg,改進K-band天線系統,氪氣Hall推進器
STARLINK-6081,56108,1261058,Operational,43deg,42.933,5,217.38,operational,481.5,481,2.01,0.00063,mixed,15,0,Starlink v1.5,2021/1/24,2.8m × 1.4m × 0.2m,310 kg,改進K-band天線系統,氪氣Hall推進器
STARLINK-6030,56107,1261105,Operational,43deg,42.938,5,217.78,operational,481.7,483.7,7.57,0.00053,mixed,23.5,0,Starlink v1.5,2021/1/24,2.8m × 1.4m × 0.2m,310 kg,改進K-band天線系統,氪氣Hall推進器
STARLINK-6096,56103,1261039,Operational,43deg,42.94,5,217.21,operational,482.7,489.5,-1.26,0.00087,mixed,25.6,0,Starlink v1.5,2021/1/24,2.8m × 1.4m × 0.2m,310 kg,改進K-band天線系統,氪氣Hall推進器
STARLINK-6076,56100,1261058,Operational,43deg,42.941,5,216.85,operational,485.7,489,6.05,0.00062,mixed,25.4,0,Starlink v1.5,2021/1/24,2.8m × 1.4m × 0.2m,310 kg,改進K-band天線系統,氪氣Hall推進器
STARLINK-6062,56104,1261101,Operational,43deg,42.945,5,217.14,operational,486.6,491.2,-0.1,0.00098,mixed,23.7,0,Starlink v1.5,2021/1/24,2.8m × 1.4m × 0.2m,310 kg,改進K-band天線系統,氪氣Hall推進器
STARLINK-6095,56101,1261058,Operational,43deg,42.94,5,217.11,operational,487.9,488.4,-2.79,0.00127,mixed,24.2,0,Starlink v1.5,2021/1/24,2.8m × 1.4m × 0.2m,310 kg,改進K-band天線系統,氪氣Hall推進器
STARLINK-6066,56105,1261106,Operational,43deg,42.949,5,217.56,operational,490.9,491.8,-4.61,0.00072,mixed,17.1,0,Starlink v1.5,2021/1/24,2.8m × 1.4m × 0.2m,310 kg,改進K-band天線系統,氪氣Hall推進器
STARLINK-30837,58212,1261046,Operational,43deg,42.871,6,250.64,operational,480.7,485,7.77,0.0005,mixed,25.8,0,Starlink v1.5,2021/1/24,2.8m × 1.4m × 0.2m,310 kg,改進K-band天線系統,氪氣Hall推進器
STARLINK-30813,58213,1261054,Operational,43deg,42.872,6,250.13,operational,481.4,489.2,1.16,0.00061,mixed,24.8,0,Starlink v1.5,2021/1/24,2.8m × 1.4m × 0.2m,310 kg,改進K-band天線系統,氪氣Hall推進器
STARLINK-30835,58219,1261045,Operational,43deg,42.87,6,250.29,operational,483,484.6,4.53,0.00034,mixed,24.1,0,Starlink v1.5,2021/1/24,2.8m × 1.4m × 0.2m,310 kg,改進K-band天線系統,氪氣Hall推進器
STARLINK-30846,58210,1261051,Operational,43deg,42.867,6,250.76,operational,484.6,480.6,3.53,0.00102,mixed,23.2,0,Starlink v1.5,2021/1/24,2.8m × 1.4m × 0.2m,310 kg,改進K-band天線系統,氪氣Hall推進器
STARLINK-30818,58217,1261048,Operational,43deg,42.878,6,250.06,operational,487.1,489.3,-2.25,0.00044,mixed,21.8,0,Starlink v1.5,2021/1/24,2.8m × 1.4m × 0.2m,310 kg,改進K-band天線系統,氪氣Hall推進器
STARLINK-30838,58211,1261048,Operational,43deg,42.882,6,250.04,operational,488.4,489.4,-5.65,0.00068,mixed,21,0,Starlink v1.5,2021/1/24,2.8m × 1.4m × 0.2m,310 kg,改進K-band天線系統,氪氣Hall推進器
STARLINK-30794,58218,1261052,Operational,43deg,42.881,6,249.97,operational,489.4,483.1,-7.55,0.00098,phasing,22.8,0,Starlink v1.5,2021/1/24,2.8m × 1.4m × 0.2m,310 kg,改進K-band天線系統,氪氣Hall推進器
STARLINK-30851,58215,1261049,Operational,43deg,42.885,6,250,operational,489.5,488.2,-8.97,0.00116,phasing,20.2,0,Starlink v1.5,2021/1/24,2.8m × 1.4m × 0.2m,310 kg,改進K-band天線系統,氪氣Hall推進器
STARLINK-30805,58214,1261048,Operational,43deg,42.881,6,249.98,operational,489.6,480.5,-8.45,0.00109,mixed,28.6,0,Starlink v1.5,2021/1/24,2.8m × 1.4m × 0.2m,310 kg,改進K-band天線系統,氪氣Hall推進器
STARLINK-31156,58743,1261046,Operational,43deg,42.851,7,275.74,operational,480.6,488.3,8.88,0.00044,raising,20.9,0,Starlink v1.5,2021/1/24,2.8m × 1.4m × 0.2m,310 kg,改進K-band天線系統,氪氣Hall推進器
STARLINK-31557,59357,1261034,Operational,43deg,42.87,7,311.95,operational,480.6,481.2,2.76,0.00067,mixed,22.9,0,Starlink v2 Mini,2023/2/27,展開寬度~4m,800 kg,四倍容量Ka/Ku頻段多波束天線,氬氣Hall推進器（2.4倍推力）
STARLINK-30201,57301,1261045,Operational,43deg,42.852,7,279.48,operational,480.8,488.5,8.8,0.00047,mixed,26.5,0,Starlink v1.5,2021/1/24,2.8m × 1.4m × 0.2m,310 kg,改進K-band天線系統,氪氣Hall推進器
STARLINK-31042,58739,1261046,Operational,43deg,42.853,7,275.84,operational,483.4,482.1,1.56,0.00088,mixed,18.4,0,Starlink v1.5,2021/1/24,2.8m × 1.4m × 0.2m,310 kg,改進K-band天線系統,氪氣Hall推進器
STARLINK-31101,58737,1261051,Operational,43deg,42.854,7,275.83,operational,484.3,482.6,5.25,0.00096,phasing,22.5,0,Starlink v1.5,2021/1/24,2.8m × 1.4m × 0.2m,310 kg,改進K-band天線系統,氪氣Hall推進器
STARLINK-30233,57302,1261053,Operational,43deg,42.859,7,279.33,operational,485.1,489.2,-3.3,0.00102,phasing,19.8,0,Starlink v1.5,2021/1/24,2.8m × 1.4m × 0.2m,310 kg,改進K-band天線系統,氪氣Hall推進器
STARLINK-32660,62205,1261033,Operational,43deg,42.879,7,312.79,operational,485.9,487.4,-1.6,0.00111,mixed,23.3,0,Starlink v2 Mini,2023/2/27,展開寬度~4m,800 kg,四倍容量Ka/Ku頻段多波束天線,氬氣Hall推進器（2.4倍推力）
STARLINK-30236,57300,1261046,Operational,43deg,42.863,7,279.31,operational,486.6,485.5,-4.08,0.00114,phasing,27.5,0,Starlink v1.5,2021/1/24,2.8m × 1.4m × 0.2m,310 kg,改進K-band天線系統,氪氣Hall推進器
STARLINK-31176,58745,1261046,Operational,43deg,42.855,7,275.94,operational,487.5,481,-6.61,0.00122,lowering,22.7,0,Starlink v1.5,2021/1/24,2.8m × 1.4m × 0.2m,310 kg,改進K-band天線系統,氪氣Hall推進器
STARLINK-31148,58741,1261044,Operational,43deg,42.866,7,275.57,operational,487.9,487.1,-3.9,0.00123,mixed,21,0,Starlink v1.5,2021/1/24,2.8m × 1.4m × 0.2m,310 kg,改進K-band天線系統,氪氣Hall推進器
STARLINK-31157,58735,1261053,Operational,43deg,42.864,7,275.56,operational,488.7,487.8,-7.74,0.00125,mixed,21.1,0,Starlink v1.5,2021/1/24,2.8m × 1.4m × 0.2m,310 kg,改進K-band天線系統,氪氣Hall推進器
STARLINK-30235,57294,1261054,Operational,43deg,42.856,7,279.28,operational,488.9,483.8,-6.77,0.00123,mixed,25,0,Starlink v1.5,2021/1/24,2.8m × 1.4m × 0.2m,310 kg,改進K-band天線系統,氪氣Hall推進器
STARLINK-31164,58733,1261045,Operational,43deg,42.867,7,275.51,operational,489.5,480.9,-8.84,0.00116,mixed,16.5,0,Starlink v1.5,2021/1/24,2.8m × 1.4m × 0.2m,310 kg,改進K-band天線系統,氪氣Hall推進器
STARLINK-32664,62204,1261036,Operational,43deg,42.89,8,321.14,raising,435.7,426.1,-3.73,0.00107,phasing,26,0,Starlink v2 Mini,2023/2/27,展開寬度~4m,800 kg,四倍容量Ka/Ku頻段多波束天線,氬氣Hall推進器（2.4倍推力）
STARLINK-32784,62607,1261023,Operational,43deg,42.904,8,329.02,raising,450,447.9,-9.97,0.0014,lowering,18.8,0,Starlink v2 Mini,2023/2/27,展開寬度~4m,800 kg,四倍容量Ka/Ku頻段多波束天線,氬氣Hall推進器（2.4倍推力）
STARLINK-31852,59841,1261030,Operational,43deg,42.894,8,322.88,operational,480.4,486.4,7.41,0.00044,mixed,22.4,0,Starlink v2 Mini,2023/2/27,展開寬度~4m,800 kg,四倍容量Ka/Ku頻段多波束天線,氬氣Hall推進器（2.4倍推力）
STARLINK-31413,59353,1261046,Operational,43deg,42.877,8,315.85,operational,480.6,485.1,8.19,0.00047,mixed,25.4,0,Starlink v2 Mini,2023/2/27,展開寬度~4m,800 kg,四倍容量Ka/Ku頻段多波束天線,氬氣Hall推進器（2.4倍推力）
STARLINK-31501,59359,1261037,Operational,43deg,42.88,8,316.29,operational,480.6,480.7,5.89,0.00069,mixed,28.1,0,Starlink v2 Mini,2023/2/27,展開寬度~4m,800 kg,四倍容量Ka/Ku頻段多波束天線,氬氣Hall推進器（2.4倍推力）
STARLINK-32665,62203,1261031,Operational,43deg,42.89,8,327,operational,480.6,481.4,8.37,0.00067,mixed,18.9,0,Starlink v2 Mini,2023/2/27,展開寬度~4m,800 kg,四倍容量Ka/Ku頻段多波束天線,氬氣Hall推進器（2.4倍推力）
STARLINK-31859,59848,1261031,Operational,43deg,42.893,8,323.73,operational,480.7,488.8,8.86,0.00048,mixed,22.3,0,Starlink v2 Mini,2023/2/27,展開寬度~4m,800 kg,四倍容量Ka/Ku頻段多波束天線,氬氣Hall推進器（2.4倍推力）
STARLINK-32767,62601,1261022,Operational,43deg,42.908,8,334.05,operational,480.8,482,2.44,0.00049,mixed,18.9,0,Starlink v2 Mini,2023/2/27,展開寬度~4m,800 kg,四倍容量Ka/Ku頻段多波束天線,氬氣Hall推進器（2.4倍推力）
STARLINK-31889,59847,1261039,Operational,43deg,42.906,8,331.03,operational,481.5,482.7,4.68,0.00053,mixed,30.6,0,Starlink v2 Mini,2023/2/27,展開寬度~4m,800 kg,四倍容量Ka/Ku頻段多波束天線,氬氣Hall推進器（2.4倍推力）
STARLINK-32675,62208,1261034,Operational,43deg,42.89,8,326.92,operational,481.6,481,7.21,0.00055,phasing,24.1,0,Starlink v2 Mini,2023/2/27,展開寬度~4m,800 kg,四倍容量Ka/Ku頻段多波束天線,氬氣Hall推進器（2.4倍推力）
STARLINK-30864,58243,1261051,Operational,43deg,42.925,8,341.53,operational,482.2,481,5.74,0.00075,mixed,22.1,0,Starlink v1.5,2021/1/24,2.8m × 1.4m × 0.2m,310 kg,改進K-band天線系統,氪氣Hall推進器
STARLINK-31922,59846,1261038,Operational,43deg,42.908,8,330.33,operational,482.2,484,6.15,0.00044,mixed,25.7,0,Starlink v2 Mini,2023/2/27,展開寬度~4m,800 kg,四倍容量Ka/Ku頻段多波束天線,氬氣Hall推進器（2.4倍推力）
STARLINK-32671,62209,1261032,Operational,43deg,42.891,8,327.46,operational,482.6,480.7,6.39,0.00078,mixed,18.9,0,Starlink v2 Mini,2023/2/27,展開寬度~4m,800 kg,四倍容量Ka/Ku頻段多波束天線,氬氣Hall推進器（2.4倍推力）
STARLINK-32742,62605,1261036,Operational,43deg,42.905,8,333.9,operational,483,485.6,0.64,0.00084,mixed,20.7,0,Starlink v2 Mini,2023/2/27,展開寬度~4m,800 kg,四倍容量Ka/Ku頻段多波束天線,氬氣Hall推進器（2.4倍推力）
STARLINK-32747,62600,1261030,Operational,43deg,42.915,8,334.57,operational,483.6,485.3,1.77,0.00027,mixed,20.4,0,Starlink v2 Mini,2023/2/27,展開寬度~4m,800 kg,四倍容量Ka/Ku頻段多波束天線,氬氣Hall推進器（2.4倍推力）
STARLINK-31857,59843,1261039,Operational,43deg,42.909,8,330.32,operational,484,483.2,5.56,0.00023,mixed,20.1,0,Starlink v2 Mini,2023/2/27,展開寬度~4m,800 kg,四倍容量Ka/Ku頻段多波束天線,氬氣Hall推進器（2.4倍推力）
STARLINK-30881,58251,1261049,Operational,43deg,42.924,8,341.47,operational,484.2,480.9,1.66,0.00098,mixed,16.9,0,Starlink v1.5,2021/1/24,2.8m × 1.4m × 0.2m,310 kg,改進K-band天線系統,氪氣Hall推進器
STARLINK-31555,59351,1261037,Operational,43deg,42.882,8,316.15,operational,484.3,486.9,4.18,0.00017,mixed,27,0,Starlink v2 Mini,2023/2/27,展開寬度~4m,800 kg,四倍容量Ka/Ku頻段多波束天線,氬氣Hall推進器（2.4倍推力）
STARLINK-31559,59358,1261034,Operational,43deg,42.882,8,315.97,operational,484.5,484.8,-2.97,0.001,mixed,17.7,0,Starlink v2 Mini,2023/2/27,展開寬度~4m,800 kg,四倍容量Ka/Ku頻段多波束天線,氬氣Hall推進器（2.4倍推力）
STARLINK-32667,62201,1261039,Operational,43deg,42.899,8,326.66,operational,485,480.9,4.48,0.00105,mixed,21.8,0,Starlink v2 Mini,2023/2/27,展開寬度~4m,800 kg,四倍容量Ka/Ku頻段多波束天線,氬氣Hall推進器（2.4倍推力）
STARLINK-32710,62604,1261038,Operational,43deg,42.909,8,333.85,operational,485.1,489.2,-4.32,0.00106,mixed,21.1,0,Starlink v2 Mini,2023/2/27,展開寬度~4m,800 kg,四倍容量Ka/Ku頻段多波束天線,氬氣Hall推進器（2.4倍推力）
STARLINK-32448,62206,1261039,Operational,43deg,42.896,8,326.69,operational,485.9,481.1,2.11,0.00111,mixed,26.6,0,Starlink v2 Mini,2023/2/27,展開寬度~4m,800 kg,四倍容量Ka/Ku頻段多波束天線,氬氣Hall推進器（2.4倍推力）
STARLINK-31903,59845,1261030,Operational,43deg,42.895,8,323.59,operational,486.1,489.3,1.15,0.00114,mixed,29.2,0,Starlink v2 Mini,2023/2/27,展開寬度~4m,800 kg,四倍容量Ka/Ku頻段多波束天線,氬氣Hall推進器（2.4倍推力）
STARLINK-32769,62602,1261018,Operational,43deg,42.917,8,334.15,operational,486.4,481.6,-5.65,0.00119,lowering,16.8,0,Starlink v2 Mini,2023/2/27,展開寬度~4m,800 kg,四倍容量Ka/Ku頻段多波束天線,氬氣Hall推進器（2.4倍推力）
STARLINK-31906,59842,1261032,Operational,43deg,42.909,8,330.8,operational,486.9,483.3,-1.27,0.00119,mixed,24.8,0,Starlink v2 Mini,2023/2/27,展開寬度~4m,800 kg,四倍容量Ka/Ku頻段多波束天線,氬氣Hall推進器（2.4倍推力）
STARLINK-32655,62202,1261040,Operational,43deg,42.907,8,327.22,operational,487,489.5,-6.11,0.00119,mixed,22.1,0,Starlink v2 Mini,2023/2/27,展開寬度~4m,800 kg,四倍容量Ka/Ku頻段多波束天線,氬氣Hall推進器（2.4倍推力）
STARLINK-32783,62606,1261026,Operational,43deg,42.917,8,334.18,operational,487.3,485.4,-6.5,0.00122,lowering,19.3,0,Starlink v2 Mini,2023/2/27,展開寬度~4m,800 kg,四倍容量Ka/Ku頻段多波束天線,氬氣Hall推進器（2.4倍推力）
STARLINK-31593,59350,1261029,Operational,43deg,42.883,8,315.67,operational,487.4,481.1,1.56,0.00117,phasing,25.3,0,Starlink v2 Mini,2023/2/27,展開寬度~4m,800 kg,四倍容量Ka/Ku頻段多波束天線,氬氣Hall推進器（2.4倍推力）
STARLINK-31416,59355,1261043,Operational,43deg,42.885,8,316.1,operational,487.5,489.3,-5.21,0.00057,mixed,29,0,Starlink v2 Mini,2023/2/27,展開寬度~4m,800 kg,四倍容量Ka/Ku頻段多波束天線,氬氣Hall推進器（2.4倍推力）
STARLINK-31422,59354,1261044,Operational,43deg,42.88,8,316.47,operational,487.5,484.5,-6.13,0.00053,lowering,20.4,0,Starlink v2 Mini,2023/2/27,展開寬度~4m,800 kg,四倍容量Ka/Ku頻段多波束天線,氬氣Hall推進器（2.4倍推力）
STARLINK-31895,59849,1261031,Operational,43deg,42.907,8,330.49,operational,487.5,486.8,-3.78,0.00125,mixed,22.7,0,Starlink v2 Mini,2023/2/27,展開寬度~4m,800 kg,四倍容量Ka/Ku頻段多波束天線,氬氣Hall推進器（2.4倍推力）
STARLINK-31552,59356,1261038,Operational,43deg,42.884,8,316.46,operational,487.7,484.8,-6.47,0.00056,mixed,20.3,0,Starlink v2 Mini,2023/2/27,展開寬度~4m,800 kg,四倍容量Ka/Ku頻段多波束天線,氬氣Hall推進器（2.4倍推力）
STARLINK-32647,62200,1261033,Operational,43deg,42.9,8,327.12,operational,487.7,481.7,-2.38,0.00059,mixed,18.5,0,Starlink v2 Mini,2023/2/27,展開寬度~4m,800 kg,四倍容量Ka/Ku頻段多波束天線,氬氣Hall推進器（2.4倍推力）
STARLINK-31851,59844,1261034,Operational,43deg,42.907,8,330.46,operational,488.3,483.6,-7.67,0.00128,mixed,21.9,0,Starlink v2 Mini,2023/2/27,展開寬度~4m,800 kg,四倍容量Ka/Ku頻段多波束天線,氬氣Hall推進器（2.4倍推力）
STARLINK-32778,62603,1261021,Operational,43deg,42.921,8,334.68,operational,489.2,488.7,-3.16,0.00127,mixed,17.7,0,Starlink v2 Mini,2023/2/27,展開寬度~4m,800 kg,四倍容量Ka/Ku頻段多波束天線,氬氣Hall推進器（2.4倍推力）
STARLINK-31561,59352,1261034,Operational,43deg,42.886,8,315.64,operational,489.4,487.6,-4.82,0.00122,mixed,24.6,0,Starlink v2 Mini,2023/2/27,展開寬度~4m,800 kg,四倍容量Ka/Ku頻段多波束天線,氬氣Hall推進器（2.4倍推力）
STARLINK-32430,62207,1261036,Operational,43deg,42.896,8,323.71,operational,489.7,482.6,-7.22,0.00119,phasing,31.1,0,Starlink v2 Mini,2023/2/27,展開寬度~4m,800 kg,四倍容量Ka/Ku頻段多波束天線,氬氣Hall推進器（2.4倍推力）
STARLINK-35464,65881,1260955,Operational,53deg,53.242,1,44.66,operational,460.1,468.8,-2.45,0.00064,mixed,44.5,3,Starlink v2 Mini DTC,2024/1/15,展開寬度~4m,800 kg,直達手機(DTC)通訊載荷,氬氣Hall推進器（2.4倍推力）
STARLINK-31772,59430,1261032,Operational,53deg,53.213,1,31.61,operational,470.8,481.7,9.68,0.00147,mixed,42.7,2,Starlink v2 Mini,2023/2/27,展開寬度~4m,800 kg,四倍容量Ka/Ku頻段多波束天線,氬氣Hall推進器（2.4倍推力）
STARLINK-35418,65879,1261004,Operational,53deg,53.245,1,44.76,operational,470.8,481.5,9.7,0.00066,mixed,40.9,3,Starlink v2 Mini DTC,2024/1/15,展開寬度~4m,800 kg,直達手機(DTC)通訊載荷,氬氣Hall推進器（2.4倍推力）
STARLINK-31700,59436,1261039,Operational,53deg,53.213,1,31.63,operational,471.7,479.6,7.28,0.00132,mixed,20.6,0,Starlink v2 Mini,2023/2/27,展開寬度~4m,800 kg,四倍容量Ka/Ku頻段多波束天線,氬氣Hall推進器（2.4倍推力）
STARLINK-31773,59429,1261032,Operational,53deg,53.218,1,33.64,operational,472.2,481,5.74,0.00121,phasing,45,2,Starlink v2 Mini,2023/2/27,展開寬度~4m,800 kg,四倍容量Ka/Ku頻段多波束天線,氬氣Hall推進器（2.4倍推力）
STARLINK-31706,59437,1261040,Operational,53deg,53.218,1,33.64,operational,473.4,481.2,-2.54,0.00105,mixed,42.9,4,Starlink v2 Mini,2023/2/27,展開寬度~4m,800 kg,四倍容量Ka/Ku頻段多波束天線,氬氣Hall推進器（2.4倍推力）
STARLINK-31613,59431,1261040,Operational,53deg,53.211,1,31.71,operational,473.6,470.2,6.64,0.00103,mixed,39.5,4,Starlink v2 Mini,2023/2/27,展開寬度~4m,800 kg,四倍容量Ka/Ku頻段多波束天線,氬氣Hall推進器（2.4倍推力）
STARLINK-35462,65877,1260950,Operational,53deg,53.24,1,44.12,operational,473.8,475.2,-3.57,0.00109,mixed,32.5,2,Starlink v2 Mini DTC,2024/1/15,展開寬度~4m,800 kg,直達手機(DTC)通訊載荷,氬氣Hall推進器（2.4倍推力）
STARLINK-31696,59435,1261030,Operational,53deg,53.212,1,31.69,operational,474,473.4,2.41,0.00099,mixed,28.3,1,Starlink v2 Mini,2023/2/27,展開寬度~4m,800 kg,四倍容量Ka/Ku頻段多波束天線,氬氣Hall推進器（2.4倍推力）
STARLINK-34688,65875,1261006,Operational,53deg,53.239,1,44.68,operational,475.9,469.3,-10.67,0.00128,mixed,30.6,0,Starlink v2 Mini DTC,2024/1/15,展開寬度~4m,800 kg,直達手機(DTC)通訊載荷,氬氣Hall推進器（2.4倍推力）
STARLINK-31580,59434,1261033,Operational,53deg,53.215,1,33.66,operational,476.1,474.5,5.66,0.0007,mixed,30.1,1,Starlink v2 Mini,2023/2/27,展開寬度~4m,800 kg,四倍容量Ka/Ku頻段多波束天線,氬氣Hall推進器（2.4倍推力）
STARLINK-31740,59433,1261040,Operational,53deg,53.22,1,33.61,operational,476.1,480.5,-6.04,0.00069,mixed,36.2,2,Starlink v2 Mini,2023/2/27,展開寬度~4m,800 kg,四倍容量Ka/Ku頻段多波束天線,氬氣Hall推進器（2.4倍推力）
STARLINK-35445,65880,1261004,Operational,53deg,53.238,1,44.51,operational,476.5,472,-0.85,0.00067,mixed,26.1,1,Starlink v2 Mini DTC,2024/1/15,展開寬度~4m,800 kg,直達手機(DTC)通訊載荷,氬氣Hall推進器（2.4倍推力）
STARLINK-34438,65876,1261019,Operational,53deg,53.246,1,44.56,operational,477.3,472,2.63,0.00061,mixed,29.8,1,Starlink v2 Mini DTC,2024/1/15,展開寬度~4m,800 kg,直達手機(DTC)通訊載荷,氬氣Hall推進器（2.4倍推力）
STARLINK-35453,65878,1261009,Operational,53deg,53.245,1,44.61,operational,478.8,463.4,-19.66,0.00146,lowering,31.1,1,Starlink v2 Mini DTC,2024/1/15,展開寬度~4m,800 kg,直達手機(DTC)通訊載荷,氬氣Hall推進器（2.4倍推力）
STARLINK-31780,59432,1261038,Operational,53deg,53.217,1,31.77,operational,481,472.7,-9.96,0.00146,lowering,32.6,1,Starlink v2 Mini,2023/2/27,展開寬度~4m,800 kg,四倍容量Ka/Ku頻段多波束天線,氬氣Hall推進器（2.4倍推力）
STARLINK-11237,60934,1261101,Operational,53deg,53.286,2,75.57,deployment,353.9,360,4.15,0.00171,mixed,34.8,2,Starlink v2 Mini,2023/2/27,展開寬度~4m,800 kg,四倍容量Ka/Ku頻段多波束天線,氬氣Hall推進器（2.4倍推力）
STARLINK-11207,60933,1261107,Operational,53deg,53.288,2,75.63,deployment,354.4,360.7,4.59,0.00164,mixed,46.1,4,Starlink v2 Mini,2023/2/27,展開寬度~4m,800 kg,四倍容量Ka/Ku頻段多波束天線,氬氣Hall推進器（2.4倍推力）
STARLINK-11251,60930,1261106,Operational,53deg,53.291,2,75.8,deployment,362.7,359.9,-0.81,0.00144,phasing,50.8,3,Starlink v2 Mini,2023/2/27,展開寬度~4m,800 kg,四倍容量Ka/Ku頻段多波束天線,氬氣Hall推進器（2.4倍推力）
STARLINK-11241,60936,1261107,Operational,53deg,53.288,2,76.14,deployment,363,356.3,1.84,0.00062,phasing,44.5,1,Starlink v2 Mini,2023/2/27,展開寬度~4m,800 kg,四倍容量Ka/Ku頻段多波束天線,氬氣Hall推進器（2.4倍推力）
STARLINK-11253,60935,1261103,Operational,53deg,53.293,2,76.18,deployment,363,364.9,-6.58,0.00062,phasing,48.1,2,Starlink v2 Mini,2023/2/27,展開寬度~4m,800 kg,四倍容量Ka/Ku頻段多波束天線,氬氣Hall推進器（2.4倍推力）
STARLINK-11246,60932,1261106,Operational,53deg,53.29,2,75.72,deployment,363.3,354,1.83,0.00062,phasing,29.9,1,Starlink v2 Mini,2023/2/27,展開寬度~4m,800 kg,四倍容量Ka/Ku頻段多波束天線,氬氣Hall推進器（2.4倍推力）
STARLINK-11204,60931,1261107,Operational,53deg,53.287,2,75.76,deployment,366.1,354.4,0.21,0.00113,phasing,49.1,3,Starlink v2 Mini,2023/2/27,展開寬度~4m,800 kg,四倍容量Ka/Ku頻段多波束天線,氬氣Hall推進器（2.4倍推力）
STARLINK-37029,68271,1260939,Operational,53deg,53.287,2,70.07,raising,413,420.9,0.27,0.00037,mixed,43.5,2,Starlink v2 Mini DTC,2024/1/15,展開寬度~4m,800 kg,直達手機(DTC)通訊載荷,氬氣Hall推進器（2.4倍推力）
STARLINK-37103,68267,1260939,Operational,53deg,53.287,2,70.03,raising,417.1,421.5,-4.19,0.0011,mixed,32,1,Starlink v2 Mini DTC,2024/1/15,展開寬度~4m,800 kg,直達手機(DTC)通訊載荷,氬氣Hall推進器（2.4倍推力）
STARLINK-36962,68269,1260938,Operational,53deg,53.282,2,69.13,raising,420,449.9,41.84,0.00067,phasing,55,3,Starlink v2 Mini DTC,2024/1/15,展開寬度~4m,800 kg,直達手機(DTC)通訊載荷,氬氣Hall推進器（2.4倍推力）
STARLINK-37163,68264,1260936,Operational,53deg,53.284,2,70.13,raising,434.6,434.7,5.78,0.00051,mixed,35.4,2,Starlink v2 Mini DTC,2024/1/15,展開寬度~4m,800 kg,直達手機(DTC)通訊載荷,氬氣Hall推進器（2.4倍推力）
STARLINK-36999,68268,1260945,Operational,53deg,53.281,2,68.79,raising,441,457.6,24.79,0.00137,raising,29.4,1,Starlink v2 Mini DTC,2024/1/15,展開寬度~4m,800 kg,直達手機(DTC)通訊載荷,氬氣Hall推進器（2.4倍推力）
STARLINK-37042,68266,1260937,Operational,53deg,53.291,2,69.93,raising,445.6,445,-6.24,0.00147,phasing,39.7,3,Starlink v2 Mini DTC,2024/1/15,展開寬度~4m,800 kg,直達手機(DTC)通訊載荷,氬氣Hall推進器（2.4倍推力）
STARLINK-37162,68262,1260944,Operational,53deg,53.291,2,69.92,raising,446.2,445.6,-12.09,0.00127,mixed,42.7,3,Starlink v2 Mini DTC,2024/1/15,展開寬度~4m,800 kg,直達手機(DTC)通訊載荷,氬氣Hall推進器（2.4倍推力）
STARLINK-32191,60314,1261031,Operational,53deg,53.242,2,47,operational,469.4,481.9,11.59,0.00169,phasing,33.4,1,Starlink v2 Mini,2023/2/27,展開寬度~4m,800 kg,四倍容量Ka/Ku頻段多波束天線,氬氣Hall推進器（2.4倍推力）
STARLINK-32199,60320,1261038,Operational,53deg,53.243,2,47.08,operational,470.9,475.3,10.7,0.00145,mixed,26,1,Starlink v2 Mini,2023/2/27,展開寬度~4m,800 kg,四倍容量Ka/Ku頻段多波束天線,氬氣Hall推進器（2.4倍推力）
STARLINK-37133,68265,1260943,Operational,53deg,53.285,2,70.15,operational,471.3,470.8,9.6,0.00076,mixed,29.2,2,Starlink v2 Mini DTC,2024/1/15,展開寬度~4m,800 kg,直達手機(DTC)通訊載荷,氬氣Hall推進器（2.4倍推力）
STARLINK-32190,60318,1261034,Operational,53deg,53.248,2,47.08,operational,473.2,475,8.31,0.00109,mixed,39.8,1,Starlink v2 Mini,2023/2/27,展開寬度~4m,800 kg,四倍容量Ka/Ku頻段多波束天線,氬氣Hall推進器（2.4倍推力）
STARLINK-32848,62808,1261017,Operational,53deg,53.274,2,59.58,operational,474.8,473.1,-6.75,0.0015,mixed,26.3,1,Starlink v2 Mini DTC,2024/1/15,展開寬度~4m,800 kg,直達手機(DTC)通訊載荷,氬氣Hall推進器（2.4倍推力）
STARLINK-37156,68263,1260943,Operational,53deg,53.291,2,70.25,operational,477.5,473.2,-6.23,0.00147,mixed,24,0,Starlink v2 Mini DTC,2024/1/15,展開寬度~4m,800 kg,直達手機(DTC)通訊載荷,氬氣Hall推進器（2.4倍推力）
STARLINK-32192,60316,1261039,Operational,53deg,53.244,2,46.79,operational,477.7,471,3.48,0.00141,mixed,34.9,2,Starlink v2 Mini,2023/2/27,展開寬度~4m,800 kg,四倍容量Ka/Ku頻段多波束天線,氬氣Hall推進器（2.4倍推力）
STARLINK-32883,62806,1261018,Operational,53deg,53.273,2,59.58,operational,478.9,479.5,-3.03,0.00147,mixed,26.7,0,Starlink v2 Mini DTC,2024/1/15,展開寬度~4m,800 kg,直達手機(DTC)通訊載荷,氬氣Hall推進器（2.4倍推力）
STARLINK-37028,68270,1260935,Operational,53deg,53.289,2,70.3,operational,479,472.7,-8.05,0.00121,mixed,27.7,0,Starlink v2 Mini DTC,2024/1/15,展開寬度~4m,800 kg,直達手機(DTC)通訊載荷,氬氣Hall推進器（2.4倍推力）
STARLINK-32194,60315,1261031,Operational,53deg,53.251,2,47.18,operational,479.9,469.7,-8.54,0.00073,mixed,38.1,1,Starlink v2 Mini,2023/2/27,展開寬度~4m,800 kg,四倍容量Ka/Ku頻段多波束天線,氬氣Hall推進器（2.4倍推力）
STARLINK-32886,62807,1261026,Operational,53deg,53.273,2,59.57,operational,479.9,480.4,-10.1,0.0015,mixed,26.8,1,Starlink v2 Mini DTC,2024/1/15,展開寬度~4m,800 kg,直達手機(DTC)通訊載荷,氬氣Hall推進器（2.4倍推力）
STARLINK-32189,60317,1261039,Operational,53deg,53.251,2,47.16,operational,480.4,469.6,-0.77,0.00083,mixed,43.4,2,Starlink v2 Mini,2023/2/27,展開寬度~4m,800 kg,四倍容量Ka/Ku頻段多波束天線,氬氣Hall推進器（2.4倍推力）
STARLINK-32787,62809,1261018,Operational,53deg,53.275,2,59.56,operational,480.9,476.1,-8.6,0.00146,lowering,28.2,1,Starlink v2 Mini DTC,2024/1/15,展開寬度~4m,800 kg,直達手機(DTC)通訊載荷,氬氣Hall推進器（2.4倍推力）
STARLINK-32182,60319,1261037,Operational,53deg,53.245,2,47.17,operational,481.1,469.5,-4.15,0.00097,mixed,37.5,2,Starlink v2 Mini,2023/2/27,展開寬度~4m,800 kg,四倍容量Ka/Ku頻段多波束天線,氬氣Hall推進器（2.4倍推力）
STARLINK-30913,58388,1261044,Operational,53deg,53.304,3,111.06,raising,457.8,460.5,-0.21,0.00155,mixed,37.7,1,Starlink v1.5,2021/1/24,2.8m × 1.4m × 0.2m,310 kg,改進K-band天線系統,氪氣Hall推進器
STARLINK-30934,58395,1261044,Operational,53deg,53.308,3,111.07,raising,458.1,459.1,-1.17,0.00152,mixed,28.9,0,Starlink v1.5,2021/1/24,2.8m × 1.4m × 0.2m,310 kg,改進K-band天線系統,氪氣Hall推進器
STARLINK-30916,58391,1261054,Operational,53deg,53.3,3,111.03,operational,459.5,469.2,-0.97,0.00131,mixed,36,1,Starlink v1.5,2021/1/24,2.8m × 1.4m × 0.2m,310 kg,改進K-band天線系統,氪氣Hall推進器
STARLINK-30882,58379,1261046,Operational,53deg,53.31,3,110.95,raising,462.9,456.9,-4.97,0.00112,phasing,23.4,0,Starlink v1.5,2021/1/24,2.8m × 1.4m × 0.2m,310 kg,改進K-band天線系統,氪氣Hall推進器
STARLINK-35270,65882,1261010,Operational,53deg,53.295,3,121.2,operational,463.4,457.3,5.11,0.00072,mixed,30.7,2,Starlink v2 Mini DTC,2024/1/15,展開寬度~4m,800 kg,直達手機(DTC)通訊載荷,氬氣Hall推進器（2.4倍推力）
STARLINK-30923,58381,1261049,Operational,53deg,53.3,3,111.06,operational,463.6,474.3,6.36,0.00158,raising,33.1,2,Starlink v1.5,2021/1/24,2.8m × 1.4m × 0.2m,310 kg,改進K-band天線系統,氪氣Hall推進器
STARLINK-35367,65883,1261010,Operational,53deg,53.295,3,121.1,operational,465.4,469.1,-4.56,0.0014,mixed,33.4,2,Starlink v2 Mini DTC,2024/1/15,展開寬度~4m,800 kg,直達手機(DTC)通訊載荷,氬氣Hall推進器（2.4倍推力）
STARLINK-30930,58385,1261044,Operational,53deg,53.302,3,110.51,operational,468.3,463.3,-0.16,0.00091,mixed,32.9,1,Starlink v1.5,2021/1/24,2.8m × 1.4m × 0.2m,310 kg,改進K-band天線系統,氪氣Hall推進器
STARLINK-30921,58383,1261045,Operational,53deg,53.307,3,110.9,operational,468.4,459.1,-4.73,0.00099,mixed,35,2,Starlink v1.5,2021/1/24,2.8m × 1.4m × 0.2m,310 kg,改進K-band天線系統,氪氣Hall推進器
STARLINK-30898,58387,1261045,Operational,53deg,53.3,3,111.08,operational,469,467.8,-0.09,0.00143,mixed,33.4,1,Starlink v1.5,2021/1/24,2.8m × 1.4m × 0.2m,310 kg,改進K-band天線系統,氪氣Hall推進器
STARLINK-30939,58393,1261046,Operational,53deg,53.303,3,110.86,operational,469,467.5,0.18,0.00138,mixed,33.4,1,Starlink v1.5,2021/1/24,2.8m × 1.4m × 0.2m,310 kg,改進K-band天線系統,氪氣Hall推進器
STARLINK-35384,65884,1261007,Operational,53deg,53.289,3,121.5,operational,480.9,470.6,-6.75,0.00096,mixed,30.7,1,Starlink v2 Mini DTC,2024/1/15,展開寬度~4m,800 kg,直達手機(DTC)通訊載荷,氬氣Hall推進器（2.4倍推力）
STARLINK-30938,58389,1261046,Operational,53deg,53.305,3,111.24,operational,481.7,470.4,-12.31,0.00137,lowering,35.2,0,Starlink v1.5,2021/1/24,2.8m × 1.4m × 0.2m,310 kg,改進K-band天線系統,氪氣Hall推進器
STARLINK-32009,60104,1261040,Operational,53deg,53.255,4,147.32,operational,469.5,481.2,6.2,0.00168,mixed,43.7,4,Starlink v2 Mini,2023/2/27,展開寬度~4m,800 kg,四倍容量Ka/Ku頻段多波束天線,氬氣Hall推進器（2.4倍推力）
STARLINK-32035,60107,1261039,Operational,53deg,53.257,4,147.01,operational,470.4,480.4,5.87,0.0006,mixed,41.2,2,Starlink v2 Mini,2023/2/27,展開寬度~4m,800 kg,四倍容量Ka/Ku頻段多波束天線,氬氣Hall推進器（2.4倍推力）
STARLINK-32040,60109,1261030,Operational,53deg,53.255,4,146.7,operational,470.7,473.3,9.13,0.00149,mixed,29.2,1,Starlink v2 Mini,2023/2/27,展開寬度~4m,800 kg,四倍容量Ka/Ku頻段多波束天線,氬氣Hall推進器（2.4倍推力）
STARLINK-32042,60108,1261031,Operational,53deg,53.256,4,146.88,operational,472.6,474.7,-0.7,0.00098,mixed,33.1,1,Starlink v2 Mini,2023/2/27,展開寬度~4m,800 kg,四倍容量Ka/Ku頻段多波束天線,氬氣Hall推進器（2.4倍推力）
STARLINK-32013,60103,1261034,Operational,53deg,53.252,4,147.2,operational,476.2,470.8,-6.92,0.0007,lowering,22,0,Starlink v2 Mini,2023/2/27,展開寬度~4m,800 kg,四倍容量Ka/Ku頻段多波束天線,氬氣Hall推進器（2.4倍推力）
STARLINK-31954,60102,1261032,Operational,53deg,53.256,4,147.22,operational,477.4,474.8,-6.06,0.00061,mixed,37.1,3,Starlink v2 Mini,2023/2/27,展開寬度~4m,800 kg,四倍容量Ka/Ku頻段多波束天線,氬氣Hall推進器（2.4倍推力）
STARLINK-32015,60111,1261035,Operational,53deg,53.26,4,146.75,operational,478.1,470.2,2.75,0.00061,mixed,38.5,3,Starlink v2 Mini,2023/2/27,展開寬度~4m,800 kg,四倍容量Ka/Ku頻段多波束天線,氬氣Hall推進器（2.4倍推力）
STARLINK-32001,60110,1261040,Operational,53deg,53.261,4,146.79,operational,480.6,469.4,-2.15,0.00089,mixed,45.3,3,Starlink v2 Mini,2023/2/27,展開寬度~4m,800 kg,四倍容量Ka/Ku頻段多波束天線,氬氣Hall推進器（2.4倍推力）
STARLINK-32045,60106,1261037,Operational,53deg,53.257,4,147.15,operational,481.2,469.5,-5.09,0.00147,mixed,45.3,3,Starlink v2 Mini,2023/2/27,展開寬度~4m,800 kg,四倍容量Ka/Ku頻段多波束天線,氬氣Hall推進器（2.4倍推力）
STARLINK-32018,60105,1261038,Operational,53deg,53.259,4,147.13,operational,481.7,470.3,-1.78,0.00141,mixed,50,3,Starlink v2 Mini,2023/2/27,展開寬度~4m,800 kg,四倍容量Ka/Ku頻段多波束天線,氬氣Hall推進器（2.4倍推力）
STARLINK-32262,60938,1261038,Operational,53deg,53.094,5,208.45,deployment,344.9,353.4,-2.62,0.00128,mixed,49.6,4,Starlink v2 Mini,2023/2/27,展開寬度~4m,800 kg,四倍容量Ka/Ku頻段多波束天線,氬氣Hall推進器（2.4倍推力）
STARLINK-35148,65844,1261005,Operational,53deg,53.142,5,198.51,operational,465,471.8,-5.59,0.00041,mixed,31.2,1,Starlink v2 Mini DTC,2024/1/15,展開寬度~4m,800 kg,直達手機(DTC)通訊載荷,氬氣Hall推進器（2.4倍推力）
STARLINK-35276,66009,1261007,Operational,53deg,53.102,5,213.89,operational,470.2,478.8,4.02,0.00156,mixed,29.2,2,Starlink v2 Mini DTC,2024/1/15,展開寬度~4m,800 kg,直達手機(DTC)通訊載荷,氬氣Hall推進器（2.4倍推力）
STARLINK-35308,65848,1261003,Operational,53deg,53.131,5,198.26,operational,471.2,479.6,10.2,0.00139,raising,23.5,1,Starlink v2 Mini DTC,2024/1/15,展開寬度~4m,800 kg,直達手機(DTC)通訊載荷,氬氣Hall推進器（2.4倍推力）
STARLINK-35336,66006,1261009,Operational,53deg,53.106,5,213.51,operational,471.9,481.7,0.81,0.00088,mixed,38.9,1,Starlink v2 Mini DTC,2024/1/15,展開寬度~4m,800 kg,直達手機(DTC)通訊載荷,氬氣Hall推進器（2.4倍推力）
STARLINK-35290,65846,1261007,Operational,53deg,53.136,5,198.26,operational,472.5,475.9,8.2,0.0012,phasing,37.1,2,Starlink v2 Mini DTC,2024/1/15,展開寬度~4m,800 kg,直達手機(DTC)通訊載荷,氬氣Hall推進器（2.4倍推力）
STARLINK-35262,65847,1261003,Operational,53deg,53.139,5,198.8,operational,473.5,474,-2.86,0.00109,mixed,22.1,0,Starlink v2 Mini DTC,2024/1/15,展開寬度~4m,800 kg,直達手機(DTC)通訊載荷,氬氣Hall推進器（2.4倍推力）
STARLINK-35302,65845,1261009,Operational,53deg,53.132,5,198.31,operational,473.7,473,7.1,0.00099,mixed,30.3,1,Starlink v2 Mini DTC,2024/1/15,展開寬度~4m,800 kg,直達手機(DTC)通訊載荷,氬氣Hall推進器（2.4倍推力）
STARLINK-35231,65849,1261003,Operational,53deg,53.138,5,198.81,operational,473.8,475.2,-0.1,0.001,mixed,26.5,0,Starlink v2 Mini DTC,2024/1/15,展開寬度~4m,800 kg,直達手機(DTC)通訊載荷,氬氣Hall推進器（2.4倍推力）
STARLINK-34849,66005,1261005,Operational,53deg,53.099,5,214.06,operational,474.7,474.3,3.52,0.00086,mixed,30.8,1,Starlink v2 Mini DTC,2024/1/15,展開寬度~4m,800 kg,直達手機(DTC)通訊載荷,氬氣Hall推進器（2.4倍推力）
STARLINK-35236,66008,1261011,Operational,53deg,53.099,5,214.03,operational,475.4,481.6,5.59,0.00076,mixed,18.8,0,Starlink v2 Mini DTC,2024/1/15,展開寬度~4m,800 kg,直達手機(DTC)通訊載荷,氬氣Hall推進器（2.4倍推力）
STARLINK-35301,65843,1261008,Operational,53deg,53.136,5,198.31,operational,478,472.6,3.81,0.00058,mixed,35.3,1,Starlink v2 Mini DTC,2024/1/15,展開寬度~4m,800 kg,直達手機(DTC)通訊載荷,氬氣Hall推進器（2.4倍推力）
STARLINK-35364,65840,1261007,Operational,53deg,53.137,5,198.4,operational,479.5,457,-14.74,0.0015,lowering,26.1,0,Starlink v2 Mini DTC,2024/1/15,展開寬度~4m,800 kg,直達手機(DTC)通訊載荷,氬氣Hall推進器（2.4倍推力）
STARLINK-35196,66007,1261003,Operational,53deg,53.095,5,213.76,operational,481.3,469.4,-11.11,0.00141,mixed,28.6,2,Starlink v2 Mini DTC,2024/1/15,展開寬度~4m,800 kg,直達手機(DTC)通訊載荷,氬氣Hall推進器（2.4倍推力）
STARLINK-35298,65842,1261012,Operational,53deg,53.137,5,198.38,operational,481.5,470,-4.86,0.00113,mixed,25.9,1,Starlink v2 Mini DTC,2024/1/15,展開寬度~4m,800 kg,直達手機(DTC)通訊載荷,氬氣Hall推進器（2.4倍推力）
STARLINK-11205,60313,1261102,Operational,53deg,53.041,6,241.09,deployment,365.2,353.8,0.88,0.00147,mixed,37.8,1,Starlink v2 Mini,2023/2/27,展開寬度~4m,800 kg,四倍容量Ka/Ku頻段多波束天線,氬氣Hall推進器（2.4倍推力）
STARLINK-11206,60312,1261101,Operational,53deg,53.044,6,241.12,deployment,366.3,355.6,-1.7,0.00125,phasing,47.7,3,Starlink v2 Mini,2023/2/27,展開寬度~4m,800 kg,四倍容量Ka/Ku頻段多波束天線,氬氣Hall推進器（2.4倍推力）
STARLINK-34528,64479,1261020,Operational,53deg,53.073,6,226.12,raising,436.4,437.6,8.77,0.00086,mixed,35.2,2,Starlink v2 Mini DTC,2024/1/15,展開寬度~4m,800 kg,直達手機(DTC)通訊載荷,氬氣Hall推進器（2.4倍推力）
STARLINK-34375,64477,1261017,Operational,53deg,53.077,6,226.16,raising,439.8,436.6,0.76,0.00126,mixed,34.6,1,Starlink v2 Mini DTC,2024/1/15,展開寬度~4m,800 kg,直達手機(DTC)通訊載荷,氬氣Hall推進器（2.4倍推力）
STARLINK-34523,64475,1261016,Operational,53deg,53.075,6,226.17,raising,439.8,438.9,-1.74,0.00124,mixed,31.1,2,Starlink v2 Mini DTC,2024/1/15,展開寬度~4m,800 kg,直達手機(DTC)通訊載荷,氬氣Hall推進器（2.4倍推力）
STARLINK-34496,64476,1261019,Operational,53deg,53.076,6,226.18,raising,443.3,444.7,-3.96,0.00148,phasing,33.7,1,Starlink v2 Mini DTC,2024/1/15,展開寬度~4m,800 kg,直達手機(DTC)通訊載荷,氬氣Hall推進器（2.4倍推力）
STARLINK-34490,64478,1261017,Operational,53deg,53.068,6,226.61,operational,475.6,480.2,-5.78,0.00126,mixed,33.8,1,Starlink v2 Mini DTC,2024/1/15,展開寬度~4m,800 kg,直達手機(DTC)通訊載荷,氬氣Hall推進器（2.4倍推力）
STARLINK-34493,64472,1261021,Operational,53deg,53.069,6,226.98,operational,477.5,480.2,-7.63,0.0006,phasing,32,1,Starlink v2 Mini DTC,2024/1/15,展開寬度~4m,800 kg,直達手機(DTC)通訊載荷,氬氣Hall推進器（2.4倍推力）
STARLINK-32259,60937,1261039,Operational,53deg,53.047,6,239.76,operational,477.6,478.2,-8.12,0.0014,mixed,30.6,0,Starlink v2 Mini,2023/2/27,展開寬度~4m,800 kg,四倍容量Ka/Ku頻段多波束天線,氬氣Hall推進器（2.4倍推力）
STARLINK-34518,64480,1261022,Operational,53deg,53.068,6,226.58,operational,479.1,481.1,-7.28,0.00149,mixed,27.6,0,Starlink v2 Mini DTC,2024/1/15,展開寬度~4m,800 kg,直達手機(DTC)通訊載荷,氬氣Hall推進器（2.4倍推力）
STARLINK-34492,64473,1261023,Operational,53deg,53.069,6,226.96,operational,480.9,481.4,-11.03,0.00091,mixed,31.7,2,Starlink v2 Mini DTC,2024/1/15,展開寬度~4m,800 kg,直達手機(DTC)通訊載荷,氬氣Hall推進器（2.4倍推力）
STARLINK-34526,64481,1261014,Operational,53deg,53.074,6,226.56,operational,481.6,480.3,-11.54,0.00119,phasing,34.5,2,Starlink v2 Mini DTC,2024/1/15,展開寬度~4m,800 kg,直達手機(DTC)通訊載荷,氬氣Hall推進器（2.4倍推力）
STARLINK-34474,64474,1261016,Operational,53deg,53.072,6,226.94,operational,481.7,477.3,-12.38,0.00124,mixed,22.4,1,Starlink v2 Mini DTC,2024/1/15,展開寬度~4m,800 kg,直達手機(DTC)通訊載荷,氬氣Hall推進器（2.4倍推力）
STARLINK-37051,68080,1260938,Operational,53deg,53.017,7,287.32,raising,408.8,459.3,59.89,0.0016,raising,47,3,Starlink v2 Mini DTC,2024/1/15,展開寬度~4m,800 kg,直達手機(DTC)通訊載荷,氬氣Hall推進器（2.4倍推力）
STARLINK-37066,68081,1260940,Operational,53deg,53.011,7,288.29,raising,420.3,413.5,-0.14,0.00134,mixed,35.8,1,Starlink v2 Mini DTC,2024/1/15,展開寬度~4m,800 kg,直達手機(DTC)通訊載荷,氬氣Hall推進器（2.4倍推力）
STARLINK-37036,68077,1260937,Operational,53deg,53.012,7,288.2,raising,421.2,415.9,3.76,0.00052,mixed,28.1,1,Starlink v2 Mini DTC,2024/1/15,展開寬度~4m,800 kg,直達手機(DTC)通訊載荷,氬氣Hall推進器（2.4倍推力）
STARLINK-37037,68084,1260940,Operational,53deg,53.009,7,288.8,operational,457,468.1,7.98,0.00169,phasing,41,2,Starlink v2 Mini DTC,2024/1/15,展開寬度~4m,800 kg,直達手機(DTC)通訊載荷,氬氣Hall推進器（2.4倍推力）
STARLINK-37065,68083,1260937,Operational,53deg,53.009,7,289.21,operational,458,468.7,10.93,0.00055,mixed,22.7,0,Starlink v2 Mini DTC,2024/1/15,展開寬度~4m,800 kg,直達手機(DTC)通訊載荷,氬氣Hall推進器（2.4倍推力）
STARLINK-37063,68079,1260936,Operational,53deg,53.013,7,288.85,operational,467.7,469.7,4.76,0.00135,mixed,28.7,3,Starlink v2 Mini DTC,2024/1/15,展開寬度~4m,800 kg,直達手機(DTC)通訊載荷,氬氣Hall推進器（2.4倍推力）
STARLINK-34797,65363,1261006,Operational,53deg,53.007,7,278.34,operational,469.4,470.1,10.78,0.0017,mixed,27.5,1,Starlink v2 Mini DTC,2024/1/15,展開寬度~4m,800 kg,直達手機(DTC)通訊載荷,氬氣Hall推進器（2.4倍推力）
STARLINK-37026,68075,1260944,Operational,53deg,53.016,7,288.95,operational,469.8,473.9,2.87,0.00126,mixed,35.1,1,Starlink v2 Mini DTC,2024/1/15,展開寬度~4m,800 kg,直達手機(DTC)通訊載荷,氬氣Hall推進器（2.4倍推力）
STARLINK-34817,65362,1261006,Operational,53deg,53.014,7,278.52,operational,471.3,457,-11.71,0.00141,mixed,33.8,1,Starlink v2 Mini DTC,2024/1/15,展開寬度~4m,800 kg,直達手機(DTC)通訊載荷,氬氣Hall推進器（2.4倍推力）
STARLINK-34782,65358,1261012,Operational,53deg,53.006,7,277.91,operational,471.9,480.8,6.41,0.00084,phasing,34.7,1,Starlink v2 Mini DTC,2024/1/15,展開寬度~4m,800 kg,直達手機(DTC)通訊載荷,氬氣Hall推進器（2.4倍推力）
STARLINK-36973,68078,1260942,Operational,53deg,53.011,7,288.71,operational,472.7,469.8,-5.57,0.00115,phasing,34.4,2,Starlink v2 Mini DTC,2024/1/15,展開寬度~4m,800 kg,直達手機(DTC)通訊載荷,氬氣Hall推進器（2.4倍推力）
STARLINK-34823,65355,1261010,Operational,53deg,53.017,7,278.19,operational,473.4,478.9,-3.63,0.00105,mixed,37.4,0,Starlink v2 Mini DTC,2024/1/15,展開寬度~4m,800 kg,直達手機(DTC)通訊載荷,氬氣Hall推進器（2.4倍推力）
STARLINK-34860,65357,1261004,Operational,53deg,53.008,7,278.38,operational,473.8,478.5,6.94,0.00101,mixed,24.6,0,Starlink v2 Mini DTC,2024/1/15,展開寬度~4m,800 kg,直達手機(DTC)通訊載荷,氬氣Hall推進器（2.4倍推力）
STARLINK-34800,65361,1261009,Operational,53deg,53.009,7,277.88,operational,474.6,478.6,4.58,0.00116,phasing,36.7,3,Starlink v2 Mini DTC,2024/1/15,展開寬度~4m,800 kg,直達手機(DTC)通訊載荷,氬氣Hall推進器（2.4倍推力）
STARLINK-34393,64724,1261021,Operational,53deg,53.012,7,290.87,operational,476.3,481.6,-7,0.00066,mixed,27.7,1,Starlink v2 Mini DTC,2024/1/15,展開寬度~4m,800 kg,直達手機(DTC)通訊載荷,氬氣Hall推進器（2.4倍推力）
STARLINK-34760,65359,1261005,Operational,53deg,53.012,7,278.09,operational,476.3,470.4,-3.58,0.00132,phasing,38.8,3,Starlink v2 Mini DTC,2024/1/15,展開寬度~4m,800 kg,直達手機(DTC)通訊載荷,氬氣Hall推進器（2.4倍推力）
STARLINK-34729,65364,1261012,Operational,53deg,53.017,7,278.18,operational,480.5,481.4,-9.84,0.00081,mixed,32.4,2,Starlink v2 Mini DTC,2024/1/15,展開寬度~4m,800 kg,直達手機(DTC)通訊載荷,氬氣Hall推進器（2.4倍推力）
STARLINK-34680,65356,1261004,Operational,53deg,53.012,7,278.55,operational,481,479.9,-2.38,0.00143,phasing,29.2,2,Starlink v2 Mini DTC,2024/1/15,展開寬度~4m,800 kg,直達手機(DTC)通訊載荷,氬氣Hall推進器（2.4倍推力）
STARLINK-34826,65360,1261003,Operational,53deg,53.015,7,278.46,operational,481,469.6,-9.75,0.00141,mixed,43.8,5,Starlink v2 Mini DTC,2024/1/15,展開寬度~4m,800 kg,直達手機(DTC)通訊載荷,氬氣Hall推進器（2.4倍推力）
STARLINK-37023,68076,1260940,Operational,53deg,53.017,7,288.97,operational,481.1,473.4,-21.21,0.00089,lowering,28.2,1,Starlink v2 Mini DTC,2024/1/15,展開寬度~4m,800 kg,直達手機(DTC)通訊載荷,氬氣Hall推進器（2.4倍推力）
STARLINK-30320,57678,1261045,Operational,53deg,53.022,7,304.08,operational,481.2,469.7,-11.56,0.001,mixed,34.9,3,Starlink v1.5,2021/1/24,2.8m × 1.4m × 0.2m,310 kg,改進K-band天線系統,氪氣Hall推進器
STARLINK-37054,68082,1260942,Operational,53deg,53.022,7,288.57,operational,481.7,480.2,-11.96,0.00126,mixed,29.5,2,Starlink v2 Mini DTC,2024/1/15,展開寬度~4m,800 kg,直達手機(DTC)通訊載荷,氬氣Hall推進器（2.4倍推力）
STARLINK-35031,65404,1261011,Operational,53deg,53.115,8,353.03,operational,464.4,456.9,3.91,0.00091,phasing,37,2,Starlink v2 Mini DTC,2024/1/15,展開寬度~4m,800 kg,直達手機(DTC)通訊載荷,氬氣Hall推進器（2.4倍推力）
STARLINK-35022,65409,1261007,Operational,53deg,53.093,8,342.39,operational,468.4,472.9,-3.38,0.00109,mixed,32.7,1,Starlink v2 Mini DTC,2024/1/15,展開寬度~4m,800 kg,直達手機(DTC)通訊載荷,氬氣Hall推進器（2.4倍推力）
STARLINK-35323,66071,1261002,Operational,53deg,53.124,8,355.21,operational,469.3,481.5,12.09,0.00169,mixed,31.5,1,Starlink v2 Mini DTC,2024/1/15,展開寬度~4m,800 kg,直達手機(DTC)通訊載荷,氬氣Hall推進器（2.4倍推力）
STARLINK-34801,66076,1261009,Operational,53deg,53.117,8,355.62,operational,469.4,471.5,11.44,0.00036,mixed,32.5,1,Starlink v2 Mini DTC,2024/1/15,展開寬度~4m,800 kg,直達手機(DTC)通訊載荷,氬氣Hall推進器（2.4倍推力）
STARLINK-35129,66077,1261004,Operational,53deg,53.119,8,355.61,operational,469.9,480.4,11.93,0.00048,phasing,35.7,1,Starlink v2 Mini DTC,2024/1/15,展開寬度~4m,800 kg,直達手機(DTC)通訊載荷,氬氣Hall推進器（2.4倍推力）
STARLINK-30321,57679,1261044,Operational,53deg,53.043,8,316.62,operational,470.8,481.7,9.93,0.00143,mixed,33.1,2,Starlink v1.5,2021/1/24,2.8m × 1.4m × 0.2m,310 kg,改進K-band天線系統,氪氣Hall推進器
STARLINK-30273,57681,1261051,Operational,53deg,53.046,8,317.11,operational,470.9,476.6,0.5,0.00143,mixed,23.5,1,Starlink v1.5,2021/1/24,2.8m × 1.4m × 0.2m,310 kg,改進K-band天線系統,氪氣Hall推進器
STARLINK-35131,66075,1261002,Operational,53deg,53.125,8,355.51,operational,471,481.1,8.32,0.00073,phasing,44.3,2,Starlink v2 Mini DTC,2024/1/15,展開寬度~4m,800 kg,直達手機(DTC)通訊載荷,氬氣Hall推進器（2.4倍推力）
STARLINK-30297,57682,1261047,Operational,53deg,53.043,8,317.1,operational,471.6,477.1,9.7,0.00078,mixed,31.6,1,Starlink v1.5,2021/1/24,2.8m × 1.4m × 0.2m,310 kg,改進K-band天線系統,氪氣Hall推進器
STARLINK-30313,57676,1261049,Operational,53deg,53.045,8,317,operational,471.8,479.7,5.67,0.00085,mixed,26.8,0,Starlink v1.5,2021/1/24,2.8m × 1.4m × 0.2m,310 kg,改進K-band天線系統,氪氣Hall推進器
STARLINK-30283,57680,1261053,Operational,53deg,53.038,8,317.07,operational,474.2,476.4,6.4,0.00112,phasing,40.1,3,Starlink v1.5,2021/1/24,2.8m × 1.4m × 0.2m,310 kg,改進K-band天線系統,氪氣Hall推進器
STARLINK-35008,65408,1261009,Operational,53deg,53.085,8,342.59,operational,474.2,472.5,7.34,0.00091,mixed,31.8,2,Starlink v2 Mini DTC,2024/1/15,展開寬度~4m,800 kg,直達手機(DTC)通訊載荷,氬氣Hall推進器（2.4倍推力）
STARLINK-34830,65405,1261008,Operational,53deg,53.095,8,342.38,operational,474.6,479.7,-4.45,0.00086,mixed,28.3,1,Starlink v2 Mini DTC,2024/1/15,展開寬度~4m,800 kg,直達手機(DTC)通訊載荷,氬氣Hall推進器（2.4倍推力）
STARLINK-35402,66079,1261008,Operational,53deg,53.118,8,355.33,operational,475.3,469.8,4.96,0.0008,mixed,31.3,3,Starlink v2 Mini DTC,2024/1/15,展開寬度~4m,800 kg,直達手機(DTC)通訊載荷,氬氣Hall推進器（2.4倍推力）
STARLINK-35299,66072,1261008,Operational,53deg,53.123,8,355.67,operational,477,473.7,4.78,0.00132,phasing,31.5,0,Starlink v2 Mini DTC,2024/1/15,展開寬度~4m,800 kg,直達手機(DTC)通訊載荷,氬氣Hall推進器（2.4倍推力）
STARLINK-35274,66073,1261004,Operational,53deg,53.129,8,355.79,operational,477.5,473.9,-7.26,0.0006,mixed,31.3,1,Starlink v2 Mini DTC,2024/1/15,展開寬度~4m,800 kg,直達手機(DTC)通訊載荷,氬氣Hall推進器（2.4倍推力）
STARLINK-30295,57683,1261051,Operational,53deg,53.037,8,317.13,operational,479.3,469.6,-3.77,0.00146,mixed,27.4,0,Starlink v1.5,2021/1/24,2.8m × 1.4m × 0.2m,310 kg,改進K-band天線系統,氪氣Hall推進器
STARLINK-35295,66070,1261005,Operational,53deg,53.126,8,355.77,operational,479.9,472,-10.48,0.00076,lowering,35.1,0,Starlink v2 Mini DTC,2024/1/15,展開寬度~4m,800 kg,直達手機(DTC)通訊載荷,氬氣Hall推進器（2.4倍推力）
STARLINK-35035,65407,1261011,Operational,53deg,53.089,8,342.64,operational,480,470.9,0.69,0.00073,mixed,41.7,1,Starlink v2 Mini DTC,2024/1/15,展開寬度~4m,800 kg,直達手機(DTC)通訊載荷,氬氣Hall推進器（2.4倍推力）
STARLINK-35116,66078,1261011,Operational,53deg,53.125,8,355.38,operational,480.9,469.5,-5.01,0.00086,mixed,41.3,3,Starlink v2 Mini DTC,2024/1/15,展開寬度~4m,800 kg,直達手機(DTC)通訊載荷,氬氣Hall推進器（2.4倍推力）
STARLINK-35321,66074,1261006,Operational,53deg,53.118,8,355.74,operational,481.1,469.6,-9.26,0.00151,mixed,27.3,1,Starlink v2 Mini DTC,2024/1/15,展開寬度~4m,800 kg,直達手機(DTC)通訊載荷,氬氣Hall推進器（2.4倍推力）
STARLINK-30303,57677,1261044,Operational,53deg,53.04,8,316.51,operational,481.8,473,-11.51,0.00128,mixed,37,2,Starlink v1.5,2021/1/24,2.8m × 1.4m × 0.2m,310 kg,改進K-band天線系統,氪氣Hall推進器
STARLINK-35036,65406,1261004,Operational,53deg,53.094,8,342.66,operational,481.8,469.9,-9.63,0.00126,mixed,36.5,0,Starlink v2 Mini DTC,2024/1/15,展開寬度~4m,800 kg,直達手機(DTC)通訊載荷,氬氣Hall推進器（2.4倍推力）
STARLINK-34559,64706,1261005,Operational,70deg-B,70.011,4,178.52,high-shell,561.7,565.1,7.05,0.00202,phasing,33.3,2,Starlink v2 Mini DTC,2024/1/15,展開寬度~4m,800 kg,直達手機(DTC)通訊載荷,氬氣Hall推進器（2.4倍推力）
STARLINK-34405,64704,1261019,Operational,70deg-B,70.012,4,178.52,high-shell,561.8,571.7,0.43,0.00205,mixed,25.3,0,Starlink v2 Mini DTC,2024/1/15,展開寬度~4m,800 kg,直達手機(DTC)通訊載荷,氬氣Hall推進器（2.4倍推力）
STARLINK-34548,64716,1261023,Operational,70deg-B,70.018,4,178.45,high-shell,573.4,561.8,3.4,0.00042,mixed,49.9,5,Starlink v2 Mini DTC,2024/1/15,展開寬度~4m,800 kg,直達手機(DTC)通訊載荷,氬氣Hall推進器（2.4倍推力）
STARLINK-34546,64718,1261014,Operational,70deg-B,70.027,4,178.41,high-shell,574,573.1,4.31,0.00096,mixed,25,1,Starlink v2 Mini DTC,2024/1/15,展開寬度~4m,800 kg,直達手機(DTC)通訊載荷,氬氣Hall推進器（2.4倍推力）
STARLINK-34572,64720,1261011,Operational,70deg-B,70.022,4,178.6,high-shell,577,575.8,1.3,0.00048,mixed,33.5,2,Starlink v2 Mini DTC,2024/1/15,展開寬度~4m,800 kg,直達手機(DTC)通訊載荷,氬氣Hall推進器（2.4倍推力）
STARLINK-34447,64710,1261022,Operational,70deg-B,70.025,4,178.58,high-shell,577.3,569.5,-1.41,0.0005,phasing,29.9,2,Starlink v2 Mini DTC,2024/1/15,展開寬度~4m,800 kg,直達手機(DTC)通訊載荷,氬氣Hall推進器（2.4倍推力）
STARLINK-34515,64712,1261022,Operational,70deg-B,70.023,4,178.41,high-shell,577.8,563.8,0.68,0.00055,mixed,37.6,3,Starlink v2 Mini DTC,2024/1/15,展開寬度~4m,800 kg,直達手機(DTC)通訊載荷,氬氣Hall推進器（2.4倍推力）
STARLINK-34574,64714,1261002,Operational,70deg-B,70.024,4,178.63,high-shell,578.4,565.4,-15.8,0.00086,phasing,25.8,1,Starlink v2 Mini DTC,2024/1/15,展開寬度~4m,800 kg,直達手機(DTC)通訊載荷,氬氣Hall推進器（2.4倍推力）
STARLINK-5841,56493,1261059,Operational,70deg-B,69.878,7,308.6,high-shell,578.3,577.9,-1.19,0.00098,phasing,45.2,3,Starlink v1.5,2021/1/24,2.8m × 1.4m × 0.2m,310 kg,改進K-band天線系統,氪氣Hall推進器
STARLINK-34008,64037,1261019,Operational,70deg-B,69.925,8,338.71,high-shell,564.6,562,-0.72,0.00182,phasing,22.8,0,Starlink v2 Mini DTC,2024/1/15,展開寬度~4m,800 kg,直達手機(DTC)通訊載荷,氬氣Hall推進器（2.4倍推力）
STARLINK-34046,64035,1261025,Operational,70deg-B,69.934,8,338.72,high-shell,566,564.9,4.17,0.00082,mixed,35.6,1,Starlink v2 Mini DTC,2024/1/15,展開寬度~4m,800 kg,直達手機(DTC)通訊載荷,氬氣Hall推進器（2.4倍推力）
STARLINK-33860,64033,1261021,Operational,70deg-B,69.939,8,338.63,high-shell,566.3,561.8,6.54,0.00153,phasing,42,4,Starlink v2 Mini DTC,2024/1/15,展開寬度~4m,800 kg,直達手機(DTC)通訊載荷,氬氣Hall推進器（2.4倍推力）
STARLINK-5846,56492,1261100,Operational,70deg-B,69.916,8,328.56,high-shell,566.4,564.3,-4.22,0.00082,mixed,42.8,3,Starlink v1.5,2021/1/24,2.8m × 1.4m × 0.2m,310 kg,改進K-band天線系統,氪氣Hall推進器
STARLINK-34088,64025,1261020,Operational,70deg-B,69.939,8,338.82,high-shell,568.1,566.7,3.23,0.00087,phasing,39.9,2,Starlink v2 Mini DTC,2024/1/15,展開寬度~4m,800 kg,直達手機(DTC)通訊載荷,氬氣Hall推進器（2.4倍推力）
STARLINK-34030,64030,1261020,Operational,70deg-B,69.941,8,338.82,high-shell,568.4,567.9,3.2,0.00087,phasing,36.1,2,Starlink v2 Mini DTC,2024/1/15,展開寬度~4m,800 kg,直達手機(DTC)通訊載荷,氬氣Hall推進器（2.4倍推力）
STARLINK-5873,56490,1261108,Operational,70deg-B,69.918,8,328.74,high-shell,568.4,569.2,6.3,0.00119,phasing,39.5,2,Starlink v1.5,2021/1/24,2.8m × 1.4m × 0.2m,310 kg,改進K-band天線系統,氪氣Hall推進器
STARLINK-33946,64034,1261020,Operational,70deg-B,69.935,8,338.64,high-shell,570.3,571,-5.17,0.00093,mixed,40.6,1,Starlink v2 Mini DTC,2024/1/15,展開寬度~4m,800 kg,直達手機(DTC)通訊載荷,氬氣Hall推進器（2.4倍推力）
STARLINK-5526,56496,1261115,Operational,70deg-B,69.909,8,328.5,high-shell,571.5,564.7,-1.02,0.00071,phasing,41,1,Starlink v1.5,2021/1/24,2.8m × 1.4m × 0.2m,310 kg,改進K-band天線系統,氪氣Hall推進器
STARLINK-34024,64031,1261024,Operational,70deg-B,69.929,8,338.75,high-shell,571.6,567.7,-7.1,0.00077,phasing,33.5,1,Starlink v2 Mini DTC,2024/1/15,展開寬度~4m,800 kg,直達手機(DTC)通訊載荷,氬氣Hall推進器（2.4倍推力）
STARLINK-5529,56495,1261119,Operational,70deg-B,69.914,8,328.51,high-shell,572.6,572.4,0.07,0.00062,phasing,29.3,1,Starlink v1.5,2021/1/24,2.8m × 1.4m × 0.2m,310 kg,改進K-band天線系統,氪氣Hall推進器
STARLINK-34079,64038,1261017,Operational,70deg-B,69.928,8,338.55,high-shell,572.7,565.6,-0.98,0.001,mixed,33.8,1,Starlink v2 Mini DTC,2024/1/15,展開寬度~4m,800 kg,直達手機(DTC)通訊載荷,氬氣Hall推進器（2.4倍推力）
STARLINK-34019,64032,1261016,Operational,70deg-B,69.936,8,338.56,high-shell,575.6,570.9,1.95,0.00111,mixed,47.7,1,Starlink v2 Mini DTC,2024/1/15,展開寬度~4m,800 kg,直達手機(DTC)通訊載荷,氬氣Hall推進器（2.4倍推力）
STARLINK-5038,56472,1261120,Operational,70deg-B,69.964,8,348.63,high-shell,576.8,575.8,1.36,0.00052,phasing,33.4,1,Starlink v1.5,2021/1/24,2.8m × 1.4m × 0.2m,310 kg,改進K-band天線系統,氪氣Hall推進器
STARLINK-34085,64036,1261021,Operational,70deg-B,69.94,8,338.78,high-shell,577.7,578.1,0.41,0.00063,mixed,30.1,1,Starlink v2 Mini DTC,2024/1/15,展開寬度~4m,800 kg,直達手機(DTC)通訊載荷,氬氣Hall推進器（2.4倍推力）
STARLINK-5522,56498,1261119,Operational,70deg-B,69.92,8,328.53,high-shell,578.1,578.4,-0.58,0.00106,phasing,31.2,2,Starlink v1.5,2021/1/24,2.8m × 1.4m × 0.2m,310 kg,改進K-band天線系統,氪氣Hall推進器
STARLINK-5541,56475,1261115,Operational,70deg-B,69.967,8,348.61,high-shell,578.4,576.8,0.1,0.00087,mixed,22.3,2,Starlink v1.5,2021/1/24,2.8m × 1.4m × 0.2m,310 kg,改進K-band天線系統,氪氣Hall推進器
STARLINK-36385,67717,1260951,Operational,SSO,97.165,6,234.04,raising,453.1,465,5.62,0.00065,mixed,54.4,4,Starlink v2 Mini,2023/2/27,展開寬度~4m,800 kg,四倍容量Ka/Ku頻段多波束天線,氬氣Hall推進器（2.4倍推力）
STARLINK-36705,67712,1260942,Operational,SSO,97.165,6,233.97,raising,453.5,464.4,11.41,0.00299,phasing,55.7,4,Starlink v2 Mini,2023/2/27,展開寬度~4m,800 kg,四倍容量Ka/Ku頻段多波束天線,氬氣Hall推進器（2.4倍推力）
STARLINK-36702,67714,1260945,Operational,SSO,97.166,6,233.98,operational,459.6,465.5,-2.91,0.00206,mixed,37.5,1,Starlink v2 Mini,2023/2/27,展開寬度~4m,800 kg,四倍容量Ka/Ku頻段多波束天線,氬氣Hall推進器（2.4倍推力）
STARLINK-36718,67715,1260940,Operational,SSO,97.164,6,234,operational,470.4,458.9,-16.01,0.0015,phasing,69.4,7,Starlink v2 Mini,2023/2/27,展開寬度~4m,800 kg,四倍容量Ka/Ku頻段多波束天線,氬氣Hall推進器（2.4倍推力）
STARLINK-36708,67713,1260938,Operational,SSO,97.164,6,233.17,operational,470.9,464,-16.45,0.00095,phasing,62.1,5,Starlink v2 Mini,2023/2/27,展開寬度~4m,800 kg,四倍容量Ka/Ku頻段多波束天線,氬氣Hall推進器（2.4倍推力）
STARLINK-36715,67716,1260943,Operational,SSO,97.163,6,233.93,operational,471,455,-9.67,0.00094,phasing,66.5,5,Starlink v2 Mini,2023/2/27,展開寬度~4m,800 kg,四倍容量Ka/Ku頻段多波束天線,氬氣Hall推進器（2.4倍推力）
STARLINK-36687,67711,1260944,Operational,SSO,97.163,6,234.08,operational,471.8,453.8,-13.88,0.00117,phasing,60.7,5,Starlink v2 Mini,2023/2/27,展開寬度~4m,800 kg,四倍容量Ka/Ku頻段多波束天線,氬氣Hall推進器（2.4倍推力）
STARLINK-36382,67807,1260957,Operational,SSO,97.175,7,310.44,operational,450.8,469.4,1.93,0.003,mixed,57.7,6,Starlink v2 Mini,2023/2/27,展開寬度~4m,800 kg,四倍容量Ka/Ku頻段多波束天線,氬氣Hall推進器（2.4倍推力）
STARLINK-36389,67806,1260956,Operational,SSO,97.174,7,310.46,operational,454.8,469.9,-1.8,0.0028,mixed,62,6,Starlink v2 Mini,2023/2/27,展開寬度~4m,800 kg,四倍容量Ka/Ku頻段多波束天線,氬氣Hall推進器（2.4倍推力）
STARLINK-36795,67809,1260939,Operational,SSO,97.174,7,310.43,operational,457.1,463.7,12.33,0.00244,mixed,49,4,Starlink v2 Mini,2023/2/27,展開寬度~4m,800 kg,四倍容量Ka/Ku頻段多波束天線,氬氣Hall推進器（2.4倍推力）
STARLINK-36782,67805,1260935,Operational,SSO,97.174,7,310.51,raising,458.1,456.6,2.18,0.00106,mixed,43.3,4,Starlink v2 Mini,2023/2/27,展開寬度~4m,800 kg,四倍容量Ka/Ku頻段多波束天線,氬氣Hall推進器（2.4倍推力）
STARLINK-36354,67800,1260949,Operational,SSO,97.175,7,310.43,operational,459,469.3,13.02,0.0021,mixed,46.9,4,Starlink v2 Mini,2023/2/27,展開寬度~4m,800 kg,四倍容量Ka/Ku頻段多波束天線,氬氣Hall推進器（2.4倍推力）
STARLINK-36768,67803,1260939,Operational,SSO,97.174,7,310.42,raising,462.7,456.1,-2.36,0.00157,mixed,33.8,1,Starlink v2 Mini,2023/2/27,展開寬度~4m,800 kg,四倍容量Ka/Ku頻段多波束天線,氬氣Hall推進器（2.4倍推力）
STARLINK-36739,67802,1260939,Operational,SSO,97.175,7,310.48,operational,463.4,471.9,-3.54,0.0015,mixed,44.3,4,Starlink v2 Mini,2023/2/27,展開寬度~4m,800 kg,四倍容量Ka/Ku頻段多波束天線,氬氣Hall推進器（2.4倍推力）
STARLINK-36792,67804,1260944,Operational,SSO,97.173,7,310.42,operational,467.5,455.2,-5.8,0.00097,phasing,57.5,5,Starlink v2 Mini,2023/2/27,展開寬度~4m,800 kg,四倍容量Ka/Ku頻段多波束天線,氬氣Hall推進器（2.4倍推力）
STARLINK-36811,67808,1260942,Operational,SSO,97.175,7,310.5,operational,468.6,453.9,-4.4,0.0016,phasing,53.8,5,Starlink v2 Mini,2023/2/27,展開寬度~4m,800 kg,四倍容量Ka/Ku頻段多波束天線,氬氣Hall推進器（2.4倍推力）
STARLINK-36773,67801,1260941,Operational,SSO,97.172,7,310.41,operational,471.7,471.8,-17.2,0.00151,phasing,59.1,5,Starlink v2 Mini,2023/2/27,展開寬度~4m,800 kg,四倍容量Ka/Ku頻段多波束天線,氬氣Hall推進器（2.4倍推力）
STARLINK-37366,68807,1260940,Operational,SSO,97.209,8,327.56,deployment,317.1,334.6,26.73,0.0009,mixed,46,2,Starlink v2 Mini,2023/2/27,展開寬度~4m,800 kg,四倍容量Ka/Ku頻段多波束天線,氬氣Hall推進器（2.4倍推力）
STARLINK-37446,68808,1260939,Operational,SSO,97.208,8,327.56,deployment,317.5,337.9,27.63,0.00097,phasing,51.8,4,Starlink v2 Mini,2023/2/27,展開寬度~4m,800 kg,四倍容量Ka/Ku頻段多波束天線,氬氣Hall推進器（2.4倍推力）
STARLINK-37473,68804,1260938,Operational,SSO,97.208,8,327.56,deployment,317.6,336.2,20.23,0.00088,phasing,54.3,6,Starlink v2 Mini,2023/2/27,展開寬度~4m,800 kg,四倍容量Ka/Ku頻段多波束天線,氬氣Hall推進器（2.4倍推力）
STARLINK-36832,68805,1260945,Operational,SSO,97.207,8,327.56,deployment,322.2,342.6,26.51,0.00122,mixed,50.9,4,Starlink v2 Mini,2023/2/27,展開寬度~4m,800 kg,四倍容量Ka/Ku頻段多波束天線,氬氣Hall推進器（2.4倍推力）
STARLINK-37370,68806,1260935,Operational,SSO,97.208,8,327.57,deployment,324.6,343.2,11.48,0.00137,mixed,47.5,4,Starlink v2 Mini,2023/2/27,展開寬度~4m,800 kg,四倍容量Ka/Ku頻段多波束天線,氬氣Hall推進器（2.4倍推力）
STARLINK-37471,68802,1260944,Operational,SSO,97.208,8,327.56,deployment,325.8,348.3,15.98,0.00144,phasing,58.9,4,Starlink v2 Mini,2023/2/27,展開寬度~4m,800 kg,四倍容量Ka/Ku頻段多波束天線,氬氣Hall推進器（2.4倍推力）
STARLINK-37447,68810,1260935,Operational,SSO,97.208,8,327.57,deployment,326.6,333.2,18.03,0.00159,mixed,44.8,3,Starlink v2 Mini,2023/2/27,展開寬度~4m,800 kg,四倍容量Ka/Ku頻段多波束天線,氬氣Hall推進器（2.4倍推力）
STARLINK-37405,68809,1260941,Operational,SSO,97.208,8,327.57,deployment,328.2,337.9,20.94,0.00163,mixed,56.4,6,Starlink v2 Mini,2023/2/27,展開寬度~4m,800 kg,四倍容量Ka/Ku頻段多波束天線,氬氣Hall推進器（2.4倍推力）
STARLINK-37442,68811,1260944,Operational,SSO,97.208,8,327.57,deployment,329.2,334.4,20.79,0.00167,mixed,75.3,7,Starlink v2 Mini,2023/2/27,展開寬度~4m,800 kg,四倍容量Ka/Ku頻段多波束天線,氬氣Hall推進器（2.4倍推力）
STARLINK-37460,68803,1260936,Operational,SSO,97.208,8,327.43,deployment,334.2,345.2,-0.72,0.00113,phasing,71.5,7,Starlink v2 Mini,2023/2/27,展開寬度~4m,800 kg,四倍容量Ka/Ku頻段多波束天線,氬氣Hall推進器（2.4倍推力）
STARLINK-37213,68686,1260945,Operational,SSO,97.271,8,353.57,raising,374.6,425.3,32.05,0.00077,raising,70.8,7,Starlink v2 Mini,2023/2/27,展開寬度~4m,800 kg,四倍容量Ka/Ku頻段多波束天線,氬氣Hall推進器（2.4倍推力）
STARLINK-34848,65402,1261009,Operational,SSO,97.522,8,354.1,high-shell,537.8,555.7,15.99,0.00061,mixed,25.3,0,Starlink v2 Mini,2023/2/27,展開寬度~4m,800 kg,四倍容量Ka/Ku頻段多波束天線,氬氣Hall推進器（2.4倍推力）
STARLINK-34909,65401,1261006,Operational,SSO,97.524,8,354.09,high-shell,546.4,549.8,6.89,0.00129,mixed,35.6,2,Starlink v2 Mini,2023/2/27,展開寬度~4m,800 kg,四倍容量Ka/Ku頻段多波束天線,氬氣Hall推進器（2.4倍推力）
STARLINK-34876,65400,1261009,Operational,SSO,97.523,8,354.13,high-shell,547.9,539.3,-7.35,0.00144,phasing,54.6,5,Starlink v2 Mini,2023/2/27,展開寬度~4m,800 kg,四倍容量Ka/Ku頻段多波束天線,氬氣Hall推進器（2.4倍推力）
