NORAD_ID,COSPAR_ID,NAME,mean_alt_km
59556,1261032,STARLINK-31718,485.2
59551,1261039,STARLINK-31699,482.4
59555,1261031,STARLINK-31730,482.0
55501,1261039,STARLINK-5367,484.4
59550,1261039,STARLINK-31741,488.6
59553,1261040,STARLINK-31723,484.8
59552,1261030,STARLINK-31750,485.9
59554,1261035,STARLINK-31724,486.9
59457,1261046,STARLINK-31319,482.9
59459,1261033,STARLINK-31631,484.8
59456,1261035,STARLINK-31622,480.6
58405,1261053,STARLINK-30952,483.0
58408,1261054,STARLINK-30906,484.0
58402,1261050,STARLINK-30964,485.1
58406,1261048,STARLINK-30925,485.0
59458,1261035,STARLINK-31625,486.9
58403,1261049,STARLINK-30844,485.2
62409,1261103,STARLINK-11444,359.0
56109,1261100,STARLINK-6083,484.2
56102,1261106,STARLINK-6075,483.9
56108,1261058,STARLINK-6081,481.2
56107,1261105,STARLINK-6030,482.7
56103,1261039,STARLINK-6096,486.1
56100,1261058,STARLINK-6076,487.4
56104,1261101,STARLINK-6062,488.9
56101,1261058,STARLINK-6095,488.2
56105,1261106,STARLINK-6066,491.4
58212,1261046,STARLINK-30837,482.8
58213,1261054,STARLINK-30813,485.3
58219,1261045,STARLINK-30835,483.8
58210,1261051,STARLINK-30846,482.6
58217,1261048,STARLINK-30818,488.2
58211,1261048,STARLINK-30838,488.9
58218,1261052,STARLINK-30794,486.2
58215,1261049,STARLINK-30851,488.8
58214,1261048,STARLINK-30805,485.0
58743,1261046,STARLINK-31156,484.4
59357,1261034,STARLINK-31557,480.9
57301,1261045,STARLINK-30201,484.6
58739,1261046,STARLINK-31042,482.8
58737,1261051,STARLINK-31101,483.4
57302,1261053,STARLINK-30233,487.2
62205,1261033,STARLINK-32660,486.6
57300,1261046,STARLINK-30236,486.0
58745,1261046,STARLINK-31176,484.2
58741,1261044,STARLINK-31148,487.5
58735,1261053,STARLINK-31157,488.2
57294,1261054,STARLINK-30235,486.4
58733,1261045,STARLINK-31164,485.2
62204,1261036,STARLINK-32664,430.9
62607,1261023,STARLINK-32784,449.0
59841,1261030,STARLINK-31852,483.4
59353,1261046,STARLINK-31413,482.8
59359,1261037,STARLINK-31501,480.6
62203,1261031,STARLINK-32665,481.0
59848,1261031,STARLINK-31859,484.8
62601,1261022,STARLINK-32767,481.4
59847,1261039,STARLINK-31889,482.1
62208,1261034,STARLINK-32675,481.3
58243,1261051,STARLINK-30864,481.6
59846,1261038,STARLINK-31922,483.1
62209,1261032,STARLINK-32671,481.6
62605,1261036,STARLINK-32742,484.3
62600,1261030,STARLINK-32747,484.4
59843,1261039,STARLINK-31857,483.6
58251,1261049,STARLINK-30881,482.6
59351,1261037,STARLINK-31555,485.6
59358,1261034,STARLINK-31559,484.6
62201,1261039,STARLINK-32667,483.0
62604,1261038,STARLINK-32710,487.2
62206,1261039,STARLINK-32448,483.5
59845,1261030,STARLINK-31903,487.7
62602,1261018,STARLINK-32769,484.0
59842,1261032,STARLINK-31906,485.1
62202,1261040,STARLINK-32655,488.2
62606,1261026,STARLINK-32783,486.4
59350,1261029,STARLINK-31593,484.2
59355,1261043,STARLINK-31416,488.4
59354,1261044,STARLINK-31422,486.0
59849,1261031,STARLINK-31895,487.2
59356,1261038,STARLINK-31552,486.2
62200,1261033,STARLINK-32647,484.7
59844,1261034,STARLINK-31851,486.0
62603,1261021,STARLINK-32778,489.0
59352,1261034,STARLINK-31561,488.5
62207,1261036,STARLINK-32430,486.2
65881,1260955,STARLINK-35464,464.4
59430,1261032,STARLINK-31772,476.2
65879,1261004,STARLINK-35418,476.2
59436,1261039,STARLINK-31700,475.6
59429,1261032,STARLINK-31773,476.6
59437,1261040,STARLINK-31706,477.3
59431,1261040,STARLINK-31613,471.9
65877,1260950,STARLINK-35462,474.5
59435,1261030,STARLINK-31696,473.7
65875,1261006,STARLINK-34688,472.6
59434,1261033,STARLINK-31580,475.3
59433,1261040,STARLINK-31740,478.3
65880,1261004,STARLINK-35445,474.2
65876,1261019,STARLINK-34438,474.6
65878,1261009,STARLINK-35453,471.1
59432,1261038,STARLINK-31780,476.8
60934,1261101,STARLINK-11237,357.0
60933,1261107,STARLINK-11207,357.5
60930,1261106,STARLINK-11251,361.3
60936,1261107,STARLINK-11241,359.6
60935,1261103,STARLINK-11253,364.0
60932,1261106,STARLINK-11246,358.6
60931,1261107,STARLINK-11204,360.2
68271,1260939,STARLINK-37029,417.0
68267,1260939,STARLINK-37103,419.3
68269,1260938,STARLINK-36962,435.0
68264,1260936,STARLINK-37163,434.6
68268,1260945,STARLINK-36999,449.3
68266,1260937,STARLINK-37042,445.3
68262,1260944,STARLINK-37162,445.9
60314,1261031,STARLINK-32191,475.6
60320,1261038,STARLINK-32199,473.1
68265,1260943,STARLINK-37133,471.0
60318,1261034,STARLINK-32190,474.1
62808,1261017,STARLINK-32848,474.0
68263,1260943,STARLINK-37156,475.4
60316,1261039,STARLINK-32192,474.4
62806,1261018,STARLINK-32883,479.2
68270,1260935,STARLINK-37028,475.8
60315,1261031,STARLINK-32194,474.8
62807,1261026,STARLINK-32886,480.2
60317,1261039,STARLINK-32189,475.0
62809,1261018,STARLINK-32787,478.5
60319,1261037,STARLINK-32182,475.3
58388,1261044,STARLINK-30913,459.2
58395,1261044,STARLINK-30934,458.6
58391,1261054,STARLINK-30916,464.4
58379,1261046,STARLINK-30882,459.9
65882,1261010,STARLINK-35270,460.4
58381,1261049,STARLINK-30923,469.0
65883,1261010,STARLINK-35367,467.2
58385,1261044,STARLINK-30930,465.8
58383,1261045,STARLINK-30921,463.8
58387,1261045,STARLINK-30898,468.4
58393,1261046,STARLINK-30939,468.2
65884,1261007,STARLINK-35384,475.8
58389,1261046,STARLINK-30938,476.0
60104,1261040,STARLINK-32009,475.4
60107,1261039,STARLINK-32035,475.4
60109,1261030,STARLINK-32040,472.0
60108,1261031,STARLINK-32042,473.6
60103,1261034,STARLINK-32013,473.5
60102,1261032,STARLINK-31954,476.1
60111,1261035,STARLINK-32015,474.2
60110,1261040,STARLINK-32001,475.0
60106,1261037,STARLINK-32045,475.4
60105,1261038,STARLINK-32018,476.0
60938,1261038,STARLINK-32262,349.2
65844,1261005,STARLINK-35148,468.4
66009,1261007,STARLINK-35276,474.5
65848,1261003,STARLINK-35308,475.4
66006,1261009,STARLINK-35336,476.8
65846,1261007,STARLINK-35290,474.2
65847,1261003,STARLINK-35262,473.8
65845,1261009,STARLINK-35302,473.4
65849,1261003,STARLINK-35231,474.5
66005,1261005,STARLINK-34849,474.5
66008,1261011,STARLINK-35236,478.5
65843,1261008,STARLINK-35301,475.3
65840,1261007,STARLINK-35364,468.2
66007,1261003,STARLINK-35196,475.4
65842,1261012,STARLINK-35298,475.8
60313,1261102,STARLINK-11205,359.5
60312,1261101,STARLINK-11206,361.0
64479,1261020,STARLINK-34528,437.0
64477,1261017,STARLINK-34375,438.2
64475,1261016,STARLINK-34523,439.4
64476,1261019,STARLINK-34496,444.0
64478,1261017,STARLINK-34490,477.9
64472,1261021,STARLINK-34493,478.8
60937,1261039,STARLINK-32259,477.9
64480,1261022,STARLINK-34518,480.1
64473,1261023,STARLINK-34492,481.2
64481,1261014,STARLINK-34526,481.0
64474,1261016,STARLINK-34474,479.5
68080,1260938,STARLINK-37051,434.0
68081,1260940,STARLINK-37066,416.9
68077,1260937,STARLINK-37036,418.6
68084,1260940,STARLINK-37037,462.6
68083,1260937,STARLINK-37065,463.4
68079,1260936,STARLINK-37063,468.7
65363,1261006,STARLINK-34797,469.8
68075,1260944,STARLINK-37026,471.8
65362,1261006,STARLINK-34817,464.2
65358,1261012,STARLINK-34782,476.4
68078,1260942,STARLINK-36973,471.2
65355,1261010,STARLINK-34823,476.2
65357,1261004,STARLINK-34860,476.2
65361,1261009,STARLINK-34800,476.6
64724,1261021,STARLINK-34393,479.0
65359,1261005,STARLINK-34760,473.4
65364,1261012,STARLINK-34729,481.0
65356,1261004,STARLINK-34680,480.4
65360,1261003,STARLINK-34826,475.3
68076,1260940,STARLINK-37023,477.2
57678,1261045,STARLINK-30320,475.4
68082,1260942,STARLINK-37054,481.0
65404,1261011,STARLINK-35031,460.6
65409,1261007,STARLINK-35022,470.6
66071,1261002,STARLINK-35323,475.4
66076,1261009,STARLINK-34801,470.4
66077,1261004,STARLINK-35129,475.2
57679,1261044,STARLINK-30321,476.2
57681,1261051,STARLINK-30273,473.8
66075,1261002,STARLINK-35131,476.0
57682,1261047,STARLINK-30297,474.4
57676,1261049,STARLINK-30313,475.8
57680,1261053,STARLINK-30283,475.3
65408,1261009,STARLINK-35008,473.4
65405,1261008,STARLINK-34830,477.2
66079,1261008,STARLINK-35402,472.6
66072,1261008,STARLINK-35299,475.4
66073,1261004,STARLINK-35274,475.7
57683,1261051,STARLINK-30295,474.4
66070,1261005,STARLINK-35295,476.0
65407,1261011,STARLINK-35035,475.4
66078,1261011,STARLINK-35116,475.2
66074,1261006,STARLINK-35321,475.4
57677,1261044,STARLINK-30303,477.4
65406,1261004,STARLINK-35036,475.8
64706,1261005,STARLINK-34559,563.4
64704,1261019,STARLINK-34405,566.8
64716,1261023,STARLINK-34548,567.6
64718,1261014,STARLINK-34546,573.6
64720,1261011,STARLINK-34572,576.4
64710,1261022,STARLINK-34447,573.4
64712,1261022,STARLINK-34515,570.8
64714,1261002,STARLINK-34574,571.9
56493,1261059,STARLINK-5841,578.1
64037,1261019,STARLINK-34008,563.3
64035,1261025,STARLINK-34046,565.4
64033,1261021,STARLINK-33860,564.0
56492,1261100,STARLINK-5846,565.3
64025,1261020,STARLINK-34088,567.4
64030,1261020,STARLINK-34030,568.2
56490,1261108,STARLINK-5873,568.8
64034,1261020,STARLINK-33946,570.6
56496,1261115,STARLINK-5526,568.1
64031,1261024,STARLINK-34024,569.7
56495,1261119,STARLINK-5529,572.5
64038,1261017,STARLINK-34079,569.2
64032,1261016,STARLINK-34019,573.2
56472,1261120,STARLINK-5038,576.3
64036,1261021,STARLINK-34085,577.9
56498,1261119,STARLINK-5522,578.2
56475,1261115,STARLINK-5541,577.6
67717,1260951,STARLINK-36385,459.0
67712,1260942,STARLINK-36705,459.0
67714,1260945,STARLINK-36702,462.6
67715,1260940,STARLINK-36718,464.6
67713,1260938,STARLINK-36708,467.4
67716,1260943,STARLINK-36715,463.0
67711,1260944,STARLINK-36687,462.8
67807,1260957,STARLINK-36382,460.1
67806,1260956,STARLINK-36389,462.4
67809,1260939,STARLINK-36795,460.4
67805,1260935,STARLINK-36782,457.4
67800,1260949,STARLINK-36354,464.2
67803,1260939,STARLINK-36768,459.4
67802,1260939,STARLINK-36739,467.6
67804,1260944,STARLINK-36792,461.4
67808,1260942,STARLINK-36811,461.2
67801,1260941,STARLINK-36773,471.8
68807,1260940,STARLINK-37366,325.8
68808,1260939,STARLINK-37446,327.7
68804,1260938,STARLINK-37473,326.9
68805,1260945,STARLINK-36832,332.4
68806,1260935,STARLINK-37370,333.9
68802,1260944,STARLINK-37471,337.0
68810,1260935,STARLINK-37447,329.9
68809,1260941,STARLINK-37405,333.0
68811,1260944,STARLINK-37442,331.8
68803,1260936,STARLINK-37460,339.7
68686,1260945,STARLINK-37213,400.0
65402,1261009,STARLINK-34848,546.8
65401,1261006,STARLINK-34909,548.1
65400,1261009,STARLINK-34876,543.6
